설립일자,시도,업종코드_10차_변형,기업수
2018,강원,가구 제조업,1
2018,강원,"가죽, 가방 및 신발 제조업",1
2018,강원,개인 및 소비용품 수리업,2
2018,강원,"건축 기술, 엔지니어링 및 기타 과학기술 서비스업",9
2018,강원,고무 및 플라스틱제품 제조업,1
2018,강원,교육 서비스업,7
2018,강원,금속 가공제품 제조업; 기계 및 가구 제외,2
2018,강원,금융 및 보험관련 서비스업,4
2018,강원,금융업,4
2018,강원,기타 개인 서비스업,2
2018,강원,기타 기계 및 장비 제조업,5
2018,강원,"기타 전문, 과학 및 기술 서비스업",4
2018,강원,기타 제품 제조업,4
2018,강원,농업,9
2018,강원,도매 및 상품 중개업,118
2018,강원,부동산업,30
2018,강원,비금속 광물제품 제조업,4
2018,강원,비금속광물 광업; 연료용 제외,2
2018,강원,사업 지원 서비스업,17
2018,강원,사업시설 관리 및 조경 서비스업,4
2018,강원,사회복지 서비스업,4
2018,강원,섬유제품 제조업; 의복 제외,3
2018,강원,소매업; 자동차 제외,23
2018,강원,숙박업,6
2018,강원,스포츠 및 오락관련 서비스업,3
2018,강원,식료품 제조업,31
2018,강원,연구개발업,2
2018,강원,영상ㆍ오디오 기록물 제작 및 배급업,3
2018,강원,육상 운송 및 파이프라인 운송업,12
2018,강원,음료 제조업,2
2018,강원,음식점 및 주점업,7
2018,강원,"의료, 정밀, 광학 기기 및 시계 제조업",8
2018,강원,의료용 물질 및 의약품 제조업,2
2018,강원,"의복, 의복 액세서리 및 모피제품 제조업",3
2018,강원,임대업; 부동산 제외,8
2018,강원,임업,5
2018,강원,자동차 및 부품 판매업,1
2018,강원,자동차 및 트레일러 제조업,3
2018,강원,"전기, 가스, 증기 및 공기 조절 공급업",56
2018,강원,전기장비 제조업,2
2018,강원,전문 서비스업,20
2018,강원,전문직별 공사업,38
2018,강원,"전자 부품, 컴퓨터, 영상, 음향 및 통신장비 제조업",2
2018,강원,정보서비스업,5
2018,강원,종합 건설업,19
2018,강원,창고 및 운송관련 서비스업,3
2018,강원,"창작, 예술 및 여가관련 서비스업",6
2018,강원,출판업,13
2018,강원,"컴퓨터 프로그래밍, 시스템 통합 및 관리업",2
2018,강원,"폐기물 수집, 운반, 처리 및 원료 재생업",2
2018,강원,협회 및 단체,10
2018,강원,화학 물질 및 화학제품 제조업; 의약품 제외,7
2018,경기,1차 금속 제조업,30
2018,경기,가구 제조업,45
2018,경기,"가죽, 가방 및 신발 제조업",16
2018,경기,개인 및 소비용품 수리업,30
2018,경기,"건축 기술, 엔지니어링 및 기타 과학기술 서비스업",67
2018,경기,고무 및 플라스틱제품 제조업,67
2018,경기,교육 서비스업,106
2018,경기,금속 가공제품 제조업; 기계 및 가구 제외,84
2018,경기,금융 및 보험관련 서비스업,78
2018,경기,금융업,57
2018,경기,기타 개인 서비스업,28
2018,경기,기타 기계 및 장비 제조업,213
2018,경기,기타 운송장비 제조업,9
2018,경기,"기타 전문, 과학 및 기술 서비스업",75
2018,경기,기타 제품 제조업,71
2018,경기,농업,52
2018,경기,도매 및 상품 중개업,1701
2018,경기,목재 및 나무제품 제조업; 가구 제외,18
2018,경기,방송업,2
2018,경기,보건업,1
2018,경기,보험 및 연금업,3
2018,경기,부동산업,524
2018,경기,비금속 광물제품 제조업,36
2018,경기,비금속광물 광업; 연료용 제외,5
2018,경기,사업 지원 서비스업,308
2018,경기,사업시설 관리 및 조경 서비스업,48
2018,경기,사회복지 서비스업,16
2018,경기,산업용 기계 및 장비 수리업,4
2018,경기,섬유제품 제조업; 의복 제외,32
2018,경기,소매업; 자동차 제외,391
2018,경기,숙박업,7
2018,경기,스포츠 및 오락관련 서비스업,36
2018,경기,식료품 제조업,187
2018,경기,어업,1
2018,경기,연구개발업,34
2018,경기,영상ㆍ오디오 기록물 제작 및 배급업,44
2018,경기,우편 및 통신업,7
2018,경기,육상 운송 및 파이프라인 운송업,71
2018,경기,음료 제조업,10
2018,경기,음식점 및 주점업,121
2018,경기,"의료, 정밀, 광학 기기 및 시계 제조업",61
2018,경기,의료용 물질 및 의약품 제조업,12
2018,경기,"의복, 의복 액세서리 및 모피제품 제조업",62
2018,경기,인쇄 및 기록매체 복제업,20
2018,경기,임대업; 부동산 제외,35
2018,경기,임업,4
2018,경기,자동차 및 부품 판매업,104
2018,경기,자동차 및 트레일러 제조업,86
2018,경기,"전기, 가스, 증기 및 공기 조절 공급업",115
2018,경기,전기장비 제조업,83
2018,경기,전문 서비스업,296
2018,경기,전문직별 공사업,337
2018,경기,"전자 부품, 컴퓨터, 영상, 음향 및 통신장비 제조업",322
2018,경기,정보서비스업,86
2018,경기,종합 건설업,163
2018,경기,창고 및 운송관련 서비스업,59
2018,경기,"창작, 예술 및 여가관련 서비스업",28
2018,경기,출판업,389
2018,경기,"컴퓨터 프로그래밍, 시스템 통합 및 관리업",31
2018,경기,"펄프, 종이 및 종이제품 제조업",18
2018,경기,"폐기물 수집, 운반, 처리 및 원료 재생업",29
2018,경기,"하수, 폐수 및 분뇨 처리업",1
2018,경기,협회 및 단체,29
2018,경기,화학 물질 및 화학제품 제조업; 의약품 제외,147
2018,경기,환경 정화 및 복원업,1
2018,경남,1차 금속 제조업,11
2018,경남,가구 제조업,3
2018,경남,"가죽, 가방 및 신발 제조업",1
2018,경남,개인 및 소비용품 수리업,3
2018,경남,"건축 기술, 엔지니어링 및 기타 과학기술 서비스업",13
2018,경남,고무 및 플라스틱제품 제조업,9
2018,경남,교육 서비스업,13
2018,경남,금속 가공제품 제조업; 기계 및 가구 제외,39
2018,경남,금융업,2
2018,경남,기타 개인 서비스업,4
2018,경남,기타 기계 및 장비 제조업,45
2018,경남,기타 운송장비 제조업,38
2018,경남,"기타 전문, 과학 및 기술 서비스업",6
2018,경남,기타 제품 제조업,8
2018,경남,농업,31
2018,경남,도매 및 상품 중개업,186
2018,경남,목재 및 나무제품 제조업; 가구 제외,2
2018,경남,보건업,1
2018,경남,부동산업,67
2018,경남,비금속 광물제품 제조업,3
2018,경남,사업 지원 서비스업,16
2018,경남,사업시설 관리 및 조경 서비스업,16
2018,경남,산업용 기계 및 장비 수리업,3
2018,경남,소매업; 자동차 제외,47
2018,경남,숙박업,5
2018,경남,스포츠 및 오락관련 서비스업,8
2018,경남,식료품 제조업,21
2018,경남,어업,3
2018,경남,연구개발업,7
2018,경남,영상ㆍ오디오 기록물 제작 및 배급업,2
2018,경남,우편 및 통신업,1
2018,경남,육상 운송 및 파이프라인 운송업,26
2018,경남,음식점 및 주점업,12
2018,경남,"의료, 정밀, 광학 기기 및 시계 제조업",3
2018,경남,의료용 물질 및 의약품 제조업,1
2018,경남,"의복, 의복 액세서리 및 모피제품 제조업",2
2018,경남,임대업; 부동산 제외,9
2018,경남,임업,2
2018,경남,자동차 및 부품 판매업,7
2018,경남,자동차 및 트레일러 제조업,31
2018,경남,"전기, 가스, 증기 및 공기 조절 공급업",30
2018,경남,전기장비 제조업,13
2018,경남,전문 서비스업,24
2018,경남,전문직별 공사업,73
2018,경남,"전자 부품, 컴퓨터, 영상, 음향 및 통신장비 제조업",15
2018,경남,정보서비스업,5
2018,경남,종합 건설업,31
2018,경남,창고 및 운송관련 서비스업,10
2018,경남,"창작, 예술 및 여가관련 서비스업",2
2018,경남,출판업,15
2018,경남,"컴퓨터 프로그래밍, 시스템 통합 및 관리업",1
2018,경남,"코크스, 연탄 및 석유정제품 제조업",3
2018,경남,"펄프, 종이 및 종이제품 제조업",3
2018,경남,"폐기물 수집, 운반, 처리 및 원료 재생업",7
2018,경남,협회 및 단체,10
2018,경남,화학 물질 및 화학제품 제조업; 의약품 제외,10
2018,경북,1차 금속 제조업,4
2018,경북,가구 제조업,3
2018,경북,"가죽, 가방 및 신발 제조업",2
2018,경북,"건축 기술, 엔지니어링 및 기타 과학기술 서비스업",16
2018,경북,고무 및 플라스틱제품 제조업,11
2018,경북,교육 서비스업,7
2018,경북,금속 가공제품 제조업; 기계 및 가구 제외,19
2018,경북,금융 및 보험관련 서비스업,1
2018,경북,기타 기계 및 장비 제조업,32
2018,경북,기타 운송장비 제조업,2
2018,경북,"기타 전문, 과학 및 기술 서비스업",3
2018,경북,기타 제품 제조업,3
2018,경북,농업,53
2018,경북,도매 및 상품 중개업,158
2018,경북,목재 및 나무제품 제조업; 가구 제외,2
2018,경북,부동산업,48
2018,경북,비금속 광물제품 제조업,12
2018,경북,비금속광물 광업; 연료용 제외,5
2018,경북,사업 지원 서비스업,37
2018,경북,사업시설 관리 및 조경 서비스업,15
2018,경북,사회복지 서비스업,4
2018,경북,산업용 기계 및 장비 수리업,1
2018,경북,섬유제품 제조업; 의복 제외,4
2018,경북,소매업; 자동차 제외,35
2018,경북,수상 운송업,1
2018,경북,숙박업,2
2018,경북,스포츠 및 오락관련 서비스업,3
2018,경북,식료품 제조업,37
2018,경북,어업,2
2018,경북,연구개발업,3
2018,경북,영상ㆍ오디오 기록물 제작 및 배급업,4
2018,경북,우편 및 통신업,1
2018,경북,육상 운송 및 파이프라인 운송업,10
2018,경북,음료 제조업,1
2018,경북,음식점 및 주점업,17
2018,경북,"의료, 정밀, 광학 기기 및 시계 제조업",6
2018,경북,의료용 물질 및 의약품 제조업,1
2018,경북,"의복, 의복 액세서리 및 모피제품 제조업",2
2018,경북,인쇄 및 기록매체 복제업,1
2018,경북,임대업; 부동산 제외,4
2018,경북,임업,5
2018,경북,자동차 및 부품 판매업,10
2018,경북,자동차 및 트레일러 제조업,33
2018,경북,"전기, 가스, 증기 및 공기 조절 공급업",114
2018,경북,전기장비 제조업,7
2018,경북,전문 서비스업,34
2018,경북,전문직별 공사업,60
2018,경북,"전자 부품, 컴퓨터, 영상, 음향 및 통신장비 제조업",33
2018,경북,정보서비스업,6
2018,경북,종합 건설업,37
2018,경북,창고 및 운송관련 서비스업,7
2018,경북,"창작, 예술 및 여가관련 서비스업",3
2018,경북,출판업,19
2018,경북,"컴퓨터 프로그래밍, 시스템 통합 및 관리업",1
2018,경북,"펄프, 종이 및 종이제품 제조업",4
2018,경북,"폐기물 수집, 운반, 처리 및 원료 재생업",13
2018,경북,협회 및 단체,8
2018,경북,화학 물질 및 화학제품 제조업; 의약품 제외,21
2018,광주,1차 금속 제조업,1
2018,광주,가구 제조업,1
2018,광주,"가죽, 가방 및 신발 제조업",1
2018,광주,개인 및 소비용품 수리업,2
2018,광주,"건축 기술, 엔지니어링 및 기타 과학기술 서비스업",4
2018,광주,고무 및 플라스틱제품 제조업,5
2018,광주,교육 서비스업,10
2018,광주,금속 가공제품 제조업; 기계 및 가구 제외,11
2018,광주,금융 및 보험관련 서비스업,8
2018,광주,금융업,5
2018,광주,기타 개인 서비스업,3
2018,광주,기타 기계 및 장비 제조업,10
2018,광주,기타 운송장비 제조업,2
2018,광주,"기타 전문, 과학 및 기술 서비스업",19
2018,광주,기타 제품 제조업,4
2018,광주,농업,5
2018,광주,도매 및 상품 중개업,239
2018,광주,목재 및 나무제품 제조업; 가구 제외,2
2018,광주,방송업,1
2018,광주,부동산업,100
2018,광주,비금속 광물제품 제조업,5
2018,광주,사업 지원 서비스업,29
2018,광주,사업시설 관리 및 조경 서비스업,7
2018,광주,사회복지 서비스업,1
2018,광주,산업용 기계 및 장비 수리업,1
2018,광주,섬유제품 제조업; 의복 제외,2
2018,광주,소매업; 자동차 제외,73
2018,광주,숙박업,1
2018,광주,스포츠 및 오락관련 서비스업,3
2018,광주,식료품 제조업,35
2018,광주,연구개발업,2
2018,광주,영상ㆍ오디오 기록물 제작 및 배급업,3
2018,광주,우편 및 통신업,7
2018,광주,육상 운송 및 파이프라인 운송업,13
2018,광주,음식점 및 주점업,17
2018,광주,"의료, 정밀, 광학 기기 및 시계 제조업",7
2018,광주,"의복, 의복 액세서리 및 모피제품 제조업",3
2018,광주,임대업; 부동산 제외,6
2018,광주,자동차 및 부품 판매업,23
2018,광주,자동차 및 트레일러 제조업,9
2018,광주,"전기, 가스, 증기 및 공기 조절 공급업",165
2018,광주,전기장비 제조업,9
2018,광주,전문 서비스업,37
2018,광주,전문직별 공사업,108
2018,광주,"전자 부품, 컴퓨터, 영상, 음향 및 통신장비 제조업",19
2018,광주,정보서비스업,5
2018,광주,종합 건설업,48
2018,광주,창고 및 운송관련 서비스업,6
2018,광주,"창작, 예술 및 여가관련 서비스업",3
2018,광주,출판업,45
2018,광주,"컴퓨터 프로그래밍, 시스템 통합 및 관리업",4
2018,광주,"펄프, 종이 및 종이제품 제조업",1
2018,광주,협회 및 단체,11
2018,광주,화학 물질 및 화학제품 제조업; 의약품 제외,5
2018,대구,1차 금속 제조업,3
2018,대구,가구 제조업,1
2018,대구,개인 및 소비용품 수리업,3
2018,대구,"건축 기술, 엔지니어링 및 기타 과학기술 서비스업",8
2018,대구,고무 및 플라스틱제품 제조업,9
2018,대구,교육 서비스업,24
2018,대구,금속 가공제품 제조업; 기계 및 가구 제외,10
2018,대구,금융 및 보험관련 서비스업,5
2018,대구,금융업,7
2018,대구,기타 개인 서비스업,4
2018,대구,기타 기계 및 장비 제조업,17
2018,대구,기타 운송장비 제조업,1
2018,대구,"기타 전문, 과학 및 기술 서비스업",9
2018,대구,기타 제품 제조업,9
2018,대구,농업,11
2018,대구,도매 및 상품 중개업,189
2018,대구,목재 및 나무제품 제조업; 가구 제외,1
2018,대구,보건업,1
2018,대구,부동산업,84
2018,대구,비금속 광물제품 제조업,3
2018,대구,사업 지원 서비스업,45
2018,대구,사업시설 관리 및 조경 서비스업,13
2018,대구,사회복지 서비스업,1
2018,대구,섬유제품 제조업; 의복 제외,6
2018,대구,소매업; 자동차 제외,50
2018,대구,스포츠 및 오락관련 서비스업,12
2018,대구,식료품 제조업,31
2018,대구,어업,1
2018,대구,연구개발업,5
2018,대구,영상ㆍ오디오 기록물 제작 및 배급업,6
2018,대구,우편 및 통신업,2
2018,대구,육상 운송 및 파이프라인 운송업,5
2018,대구,음식점 및 주점업,11
2018,대구,"의료, 정밀, 광학 기기 및 시계 제조업",9
2018,대구,의료용 물질 및 의약품 제조업,2
2018,대구,"의복, 의복 액세서리 및 모피제품 제조업",4
2018,대구,인쇄 및 기록매체 복제업,2
2018,대구,임대업; 부동산 제외,2
2018,대구,자동차 및 부품 판매업,15
2018,대구,자동차 및 트레일러 제조업,13
2018,대구,"전기, 가스, 증기 및 공기 조절 공급업",43
2018,대구,전기장비 제조업,12
2018,대구,전문 서비스업,65
2018,대구,전문직별 공사업,33
2018,대구,"전자 부품, 컴퓨터, 영상, 음향 및 통신장비 제조업",12
2018,대구,정보서비스업,13
2018,대구,종합 건설업,31
2018,대구,창고 및 운송관련 서비스업,2
2018,대구,"창작, 예술 및 여가관련 서비스업",8
2018,대구,출판업,25
2018,대구,"컴퓨터 프로그래밍, 시스템 통합 및 관리업",5
2018,대구,"펄프, 종이 및 종이제품 제조업",2
2018,대구,"폐기물 수집, 운반, 처리 및 원료 재생업",5
2018,대구,협회 및 단체,7
2018,대구,화학 물질 및 화학제품 제조업; 의약품 제외,12
2018,대전,가구 제조업,1
2018,대전,"가죽, 가방 및 신발 제조업",1
2018,대전,"건축 기술, 엔지니어링 및 기타 과학기술 서비스업",3
2018,대전,고무 및 플라스틱제품 제조업,4
2018,대전,교육 서비스업,8
2018,대전,금속 가공제품 제조업; 기계 및 가구 제외,2
2018,대전,금융 및 보험관련 서비스업,6
2018,대전,금융업,5
2018,대전,기타 개인 서비스업,3
2018,대전,기타 기계 및 장비 제조업,17
2018,대전,"기타 전문, 과학 및 기술 서비스업",14
2018,대전,기타 제품 제조업,7
2018,대전,농업,6
2018,대전,도매 및 상품 중개업,152
2018,대전,목재 및 나무제품 제조업; 가구 제외,1
2018,대전,방송업,2
2018,대전,보건업,1
2018,대전,부동산업,48
2018,대전,비금속 광물제품 제조업,4
2018,대전,사업 지원 서비스업,11
2018,대전,사업시설 관리 및 조경 서비스업,3
2018,대전,사회복지 서비스업,2
2018,대전,섬유제품 제조업; 의복 제외,2
2018,대전,소매업; 자동차 제외,36
2018,대전,수상 운송업,1
2018,대전,스포츠 및 오락관련 서비스업,2
2018,대전,식료품 제조업,22
2018,대전,연구개발업,10
2018,대전,영상ㆍ오디오 기록물 제작 및 배급업,2
2018,대전,우편 및 통신업,1
2018,대전,육상 운송 및 파이프라인 운송업,2
2018,대전,음료 제조업,3
2018,대전,음식점 및 주점업,16
2018,대전,"의료, 정밀, 광학 기기 및 시계 제조업",13
2018,대전,의료용 물질 및 의약품 제조업,2
2018,대전,"의복, 의복 액세서리 및 모피제품 제조업",4
2018,대전,인쇄 및 기록매체 복제업,1
2018,대전,임대업; 부동산 제외,5
2018,대전,자동차 및 부품 판매업,16
2018,대전,자동차 및 트레일러 제조업,2
2018,대전,"전기, 가스, 증기 및 공기 조절 공급업",104
2018,대전,전기장비 제조업,11
2018,대전,전문 서비스업,40
2018,대전,전문직별 공사업,45
2018,대전,"전자 부품, 컴퓨터, 영상, 음향 및 통신장비 제조업",9
2018,대전,정보서비스업,19
2018,대전,종합 건설업,16
2018,대전,창고 및 운송관련 서비스업,5
2018,대전,"창작, 예술 및 여가관련 서비스업",4
2018,대전,출판업,47
2018,대전,"컴퓨터 프로그래밍, 시스템 통합 및 관리업",11
2018,대전,"펄프, 종이 및 종이제품 제조업",2
2018,대전,"폐기물 수집, 운반, 처리 및 원료 재생업",2
2018,대전,협회 및 단체,2
2018,대전,화학 물질 및 화학제품 제조업; 의약품 제외,14
2018,부산,1차 금속 제조업,9
2018,부산,"가죽, 가방 및 신발 제조업",9
2018,부산,개인 및 소비용품 수리업,4
2018,부산,"건축 기술, 엔지니어링 및 기타 과학기술 서비스업",8
2018,부산,고무 및 플라스틱제품 제조업,6
2018,부산,교육 서비스업,30
2018,부산,금속 가공제품 제조업; 기계 및 가구 제외,10
2018,부산,금융 및 보험관련 서비스업,14
2018,부산,금융업,6
2018,부산,기타 개인 서비스업,10
2018,부산,기타 기계 및 장비 제조업,31
2018,부산,기타 운송장비 제조업,11
2018,부산,"기타 전문, 과학 및 기술 서비스업",29
2018,부산,기타 제품 제조업,11
2018,부산,농업,4
2018,부산,도매 및 상품 중개업,299
2018,부산,방송업,1
2018,부산,부동산업,159
2018,부산,비금속 광물제품 제조업,3
2018,부산,사업 지원 서비스업,45
2018,부산,사업시설 관리 및 조경 서비스업,13
2018,부산,사회복지 서비스업,11
2018,부산,산업용 기계 및 장비 수리업,8
2018,부산,섬유제품 제조업; 의복 제외,3
2018,부산,소매업; 자동차 제외,98
2018,부산,수상 운송업,5
2018,부산,숙박업,9
2018,부산,스포츠 및 오락관련 서비스업,10
2018,부산,식료품 제조업,38
2018,부산,연구개발업,3
2018,부산,영상ㆍ오디오 기록물 제작 및 배급업,9
2018,부산,우편 및 통신업,1
2018,부산,육상 운송 및 파이프라인 운송업,26
2018,부산,음료 제조업,1
2018,부산,음식점 및 주점업,33
2018,부산,"의료, 정밀, 광학 기기 및 시계 제조업",5
2018,부산,"의복, 의복 액세서리 및 모피제품 제조업",12
2018,부산,인쇄 및 기록매체 복제업,2
2018,부산,임대업; 부동산 제외,11
2018,부산,임업,1
2018,부산,자동차 및 부품 판매업,14
2018,부산,자동차 및 트레일러 제조업,8
2018,부산,"전기, 가스, 증기 및 공기 조절 공급업",15
2018,부산,전기장비 제조업,14
2018,부산,전문 서비스업,66
2018,부산,전문직별 공사업,79
2018,부산,"전자 부품, 컴퓨터, 영상, 음향 및 통신장비 제조업",8
2018,부산,정보서비스업,21
2018,부산,종합 건설업,53
2018,부산,창고 및 운송관련 서비스업,21
2018,부산,"창작, 예술 및 여가관련 서비스업",10
2018,부산,출판업,81
2018,부산,"컴퓨터 프로그래밍, 시스템 통합 및 관리업",7
2018,부산,"펄프, 종이 및 종이제품 제조업",5
2018,부산,"폐기물 수집, 운반, 처리 및 원료 재생업",4
2018,부산,협회 및 단체,14
2018,부산,화학 물질 및 화학제품 제조업; 의약품 제외,27
2018,서울,1차 금속 제조업,10
2018,서울,가구 제조업,22
2018,서울,"가죽, 가방 및 신발 제조업",40
2018,서울,개인 및 소비용품 수리업,11
2018,서울,"건축 기술, 엔지니어링 및 기타 과학기술 서비스업",81
2018,서울,고무 및 플라스틱제품 제조업,23
2018,서울,"공공 행정, 국방 및 사회보장 행정",1
2018,서울,광업 지원 서비스업,1
2018,서울,교육 서비스업,206
2018,서울,금속 가공제품 제조업; 기계 및 가구 제외,10
2018,서울,금속 광업,1
2018,서울,금융 및 보험관련 서비스업,727
2018,서울,금융업,734
2018,서울,기타 개인 서비스업,44
2018,서울,기타 기계 및 장비 제조업,45
2018,서울,기타 운송장비 제조업,12
2018,서울,"기타 전문, 과학 및 기술 서비스업",305
2018,서울,기타 제품 제조업,79
2018,서울,농업,12
2018,서울,도매 및 상품 중개업,2186
2018,서울,목재 및 나무제품 제조업; 가구 제외,4
2018,서울,방송업,11
2018,서울,보건업,4
2018,서울,보험 및 연금업,4
2018,서울,부동산업,514
2018,서울,비금속 광물제품 제조업,7
2018,서울,비금속광물 광업; 연료용 제외,5
2018,서울,사업 지원 서비스업,372
2018,서울,사업시설 관리 및 조경 서비스업,33
2018,서울,사회복지 서비스업,17
2018,서울,산업용 기계 및 장비 수리업,3
2018,서울,섬유제품 제조업; 의복 제외,35
2018,서울,소매업; 자동차 제외,777
2018,서울,수상 운송업,5
2018,서울,숙박업,19
2018,서울,스포츠 및 오락관련 서비스업,86
2018,서울,식료품 제조업,176
2018,서울,연구개발업,49
2018,서울,영상ㆍ오디오 기록물 제작 및 배급업,289
2018,서울,우편 및 통신업,22
2018,서울,육상 운송 및 파이프라인 운송업,33
2018,서울,음료 제조업,12
2018,서울,음식점 및 주점업,229
2018,서울,"의료, 정밀, 광학 기기 및 시계 제조업",47
2018,서울,의료용 물질 및 의약품 제조업,14
2018,서울,"의복, 의복 액세서리 및 모피제품 제조업",181
2018,서울,인쇄 및 기록매체 복제업,23
2018,서울,임대업; 부동산 제외,48
2018,서울,자동차 및 부품 판매업,90
2018,서울,자동차 및 트레일러 제조업,12
2018,서울,"전기, 가스, 증기 및 공기 조절 공급업",88
2018,서울,전기장비 제조업,37
2018,서울,전문 서비스업,1104
2018,서울,전문직별 공사업,170
2018,서울,"전자 부품, 컴퓨터, 영상, 음향 및 통신장비 제조업",102
2018,서울,정보서비스업,288
2018,서울,종합 건설업,98
2018,서울,창고 및 운송관련 서비스업,69
2018,서울,"창작, 예술 및 여가관련 서비스업",113
2018,서울,출판업,1264
2018,서울,"컴퓨터 프로그래밍, 시스템 통합 및 관리업",107
2018,서울,"펄프, 종이 및 종이제품 제조업",8
2018,서울,"폐기물 수집, 운반, 처리 및 원료 재생업",5
2018,서울,"하수, 폐수 및 분뇨 처리업",1
2018,서울,항공 운송업,1
2018,서울,협회 및 단체,61
2018,서울,화학 물질 및 화학제품 제조업; 의약품 제외,273
2018,서울,환경 정화 및 복원업,1
2018,세종,1차 금속 제조업,1
2018,세종,가구 제조업,1
2018,세종,개인 및 소비용품 수리업,1
2018,세종,"건축 기술, 엔지니어링 및 기타 과학기술 서비스업",5
2018,세종,고무 및 플라스틱제품 제조업,2
2018,세종,교육 서비스업,4
2018,세종,금속 가공제품 제조업; 기계 및 가구 제외,1
2018,세종,금융 및 보험관련 서비스업,4
2018,세종,금융업,1
2018,세종,기타 개인 서비스업,1
2018,세종,기타 기계 및 장비 제조업,3
2018,세종,"기타 전문, 과학 및 기술 서비스업",1
2018,세종,기타 제품 제조업,1
2018,세종,농업,1
2018,세종,도매 및 상품 중개업,23
2018,세종,부동산업,20
2018,세종,비금속 광물제품 제조업,3
2018,세종,사업 지원 서비스업,5
2018,세종,사업시설 관리 및 조경 서비스업,1
2018,세종,사회복지 서비스업,1
2018,세종,소매업; 자동차 제외,8
2018,세종,스포츠 및 오락관련 서비스업,2
2018,세종,식료품 제조업,6
2018,세종,연구개발업,1
2018,세종,영상ㆍ오디오 기록물 제작 및 배급업,2
2018,세종,육상 운송 및 파이프라인 운송업,1
2018,세종,음식점 및 주점업,3
2018,세종,"의료, 정밀, 광학 기기 및 시계 제조업",1
2018,세종,의료용 물질 및 의약품 제조업,1
2018,세종,인쇄 및 기록매체 복제업,2
2018,세종,임대업; 부동산 제외,1
2018,세종,자동차 및 부품 판매업,1
2018,세종,"전기, 가스, 증기 및 공기 조절 공급업",11
2018,세종,전기장비 제조업,2
2018,세종,전문 서비스업,2
2018,세종,전문직별 공사업,20
2018,세종,"전자 부품, 컴퓨터, 영상, 음향 및 통신장비 제조업",1
2018,세종,정보서비스업,3
2018,세종,종합 건설업,12
2018,세종,창고 및 운송관련 서비스업,1
2018,세종,출판업,11
2018,세종,"컴퓨터 프로그래밍, 시스템 통합 및 관리업",2
2018,세종,"폐기물 수집, 운반, 처리 및 원료 재생업",1
2018,세종,협회 및 단체,1
2018,울산,1차 금속 제조업,2
2018,울산,가구 제조업,1
2018,울산,"가죽, 가방 및 신발 제조업",1
2018,울산,"건축 기술, 엔지니어링 및 기타 과학기술 서비스업",4
2018,울산,고무 및 플라스틱제품 제조업,2
2018,울산,교육 서비스업,8
2018,울산,금속 가공제품 제조업; 기계 및 가구 제외,3
2018,울산,금융 및 보험관련 서비스업,1
2018,울산,금융업,1
2018,울산,기타 기계 및 장비 제조업,9
2018,울산,기타 운송장비 제조업,10
2018,울산,"기타 전문, 과학 및 기술 서비스업",5
2018,울산,기타 제품 제조업,5
2018,울산,농업,2
2018,울산,도매 및 상품 중개업,61
2018,울산,부동산업,49
2018,울산,비금속 광물제품 제조업,1
2018,울산,사업 지원 서비스업,17
2018,울산,사업시설 관리 및 조경 서비스업,5
2018,울산,사회복지 서비스업,1
2018,울산,소매업; 자동차 제외,21
2018,울산,수상 운송업,1
2018,울산,스포츠 및 오락관련 서비스업,3
2018,울산,식료품 제조업,8
2018,울산,연구개발업,5
2018,울산,우편 및 통신업,2
2018,울산,육상 운송 및 파이프라인 운송업,4
2018,울산,음료 제조업,1
2018,울산,음식점 및 주점업,6
2018,울산,"의료, 정밀, 광학 기기 및 시계 제조업",1
2018,울산,"의복, 의복 액세서리 및 모피제품 제조업",1
2018,울산,임대업; 부동산 제외,2
2018,울산,자동차 및 부품 판매업,2
2018,울산,자동차 및 트레일러 제조업,7
2018,울산,"전기, 가스, 증기 및 공기 조절 공급업",5
2018,울산,전기장비 제조업,3
2018,울산,전문 서비스업,15
2018,울산,전문직별 공사업,21
2018,울산,"전자 부품, 컴퓨터, 영상, 음향 및 통신장비 제조업",2
2018,울산,정보서비스업,2
2018,울산,종합 건설업,12
2018,울산,창고 및 운송관련 서비스업,1
2018,울산,"창작, 예술 및 여가관련 서비스업",3
2018,울산,출판업,10
2018,울산,"컴퓨터 프로그래밍, 시스템 통합 및 관리업",1
2018,울산,"펄프, 종이 및 종이제품 제조업",2
2018,울산,"폐기물 수집, 운반, 처리 및 원료 재생업",3
2018,울산,협회 및 단체,5
2018,울산,화학 물질 및 화학제품 제조업; 의약품 제외,2
2018,인천,1차 금속 제조업,10
2018,인천,가구 제조업,9
2018,인천,"가죽, 가방 및 신발 제조업",4
2018,인천,개인 및 소비용품 수리업,4
2018,인천,"건축 기술, 엔지니어링 및 기타 과학기술 서비스업",11
2018,인천,고무 및 플라스틱제품 제조업,16
2018,인천,교육 서비스업,23
2018,인천,금속 가공제품 제조업; 기계 및 가구 제외,11
2018,인천,금융 및 보험관련 서비스업,16
2018,인천,금융업,7
2018,인천,기타 개인 서비스업,10
2018,인천,기타 기계 및 장비 제조업,25
2018,인천,기타 운송장비 제조업,4
2018,인천,"기타 전문, 과학 및 기술 서비스업",18
2018,인천,기타 제품 제조업,16
2018,인천,농업,5
2018,인천,도매 및 상품 중개업,305
2018,인천,목재 및 나무제품 제조업; 가구 제외,4
2018,인천,방송업,1
2018,인천,부동산업,88
2018,인천,비금속 광물제품 제조업,5
2018,인천,사업 지원 서비스업,83
2018,인천,사업시설 관리 및 조경 서비스업,8
2018,인천,사회복지 서비스업,2
2018,인천,섬유제품 제조업; 의복 제외,7
2018,인천,소매업; 자동차 제외,82
2018,인천,숙박업,2
2018,인천,스포츠 및 오락관련 서비스업,3
2018,인천,식료품 제조업,25
2018,인천,연구개발업,5
2018,인천,영상ㆍ오디오 기록물 제작 및 배급업,10
2018,인천,우편 및 통신업,3
2018,인천,육상 운송 및 파이프라인 운송업,27
2018,인천,음료 제조업,1
2018,인천,음식점 및 주점업,26
2018,인천,"의료, 정밀, 광학 기기 및 시계 제조업",11
2018,인천,의료용 물질 및 의약품 제조업,2
2018,인천,"의복, 의복 액세서리 및 모피제품 제조업",12
2018,인천,인쇄 및 기록매체 복제업,1
2018,인천,임대업; 부동산 제외,11
2018,인천,자동차 및 부품 판매업,40
2018,인천,자동차 및 트레일러 제조업,5
2018,인천,"전기, 가스, 증기 및 공기 조절 공급업",7
2018,인천,전기장비 제조업,21
2018,인천,전문 서비스업,77
2018,인천,전문직별 공사업,68
2018,인천,"전자 부품, 컴퓨터, 영상, 음향 및 통신장비 제조업",41
2018,인천,정보서비스업,14
2018,인천,종합 건설업,38
2018,인천,창고 및 운송관련 서비스업,30
2018,인천,"창작, 예술 및 여가관련 서비스업",6
2018,인천,출판업,63
2018,인천,"컴퓨터 프로그래밍, 시스템 통합 및 관리업",2
2018,인천,"펄프, 종이 및 종이제품 제조업",3
2018,인천,"폐기물 수집, 운반, 처리 및 원료 재생업",4
2018,인천,"하수, 폐수 및 분뇨 처리업",1
2018,인천,항공 운송업,1
2018,인천,협회 및 단체,7
2018,인천,화학 물질 및 화학제품 제조업; 의약품 제외,32
2018,전남,1차 금속 제조업,1
2018,전남,가구 제조업,1
2018,전남,개인 및 소비용품 수리업,2
2018,전남,"건축 기술, 엔지니어링 및 기타 과학기술 서비스업",15
2018,전남,고무 및 플라스틱제품 제조업,7
2018,전남,교육 서비스업,10
2018,전남,금속 가공제품 제조업; 기계 및 가구 제외,17
2018,전남,금융 및 보험관련 서비스업,2
2018,전남,금융업,2
2018,전남,기타 개인 서비스업,2
2018,전남,기타 기계 및 장비 제조업,11
2018,전남,기타 운송장비 제조업,46
2018,전남,"기타 전문, 과학 및 기술 서비스업",3
2018,전남,기타 제품 제조업,4
2018,전남,농업,53
2018,전남,도매 및 상품 중개업,171
2018,전남,보건업,1
2018,전남,부동산업,45
2018,전남,비금속 광물제품 제조업,5
2018,전남,비금속광물 광업; 연료용 제외,2
2018,전남,사업 지원 서비스업,19
2018,전남,사업시설 관리 및 조경 서비스업,2
2018,전남,사회복지 서비스업,1
2018,전남,섬유제품 제조업; 의복 제외,2
2018,전남,소매업; 자동차 제외,25
2018,전남,숙박업,4
2018,전남,스포츠 및 오락관련 서비스업,6
2018,전남,식료품 제조업,43
2018,전남,어업,13
2018,전남,연구개발업,9
2018,전남,영상ㆍ오디오 기록물 제작 및 배급업,2
2018,전남,육상 운송 및 파이프라인 운송업,22
2018,전남,음료 제조업,3
2018,전남,음식점 및 주점업,7
2018,전남,"의료, 정밀, 광학 기기 및 시계 제조업",4
2018,전남,"의복, 의복 액세서리 및 모피제품 제조업",1
2018,전남,인쇄 및 기록매체 복제업,1
2018,전남,임대업; 부동산 제외,5
2018,전남,임업,4
2018,전남,자동차 및 부품 판매업,3
2018,전남,자동차 및 트레일러 제조업,3
2018,전남,"전기, 가스, 증기 및 공기 조절 공급업",156
2018,전남,전기장비 제조업,3
2018,전남,전문 서비스업,6
2018,전남,전문직별 공사업,70
2018,전남,"전자 부품, 컴퓨터, 영상, 음향 및 통신장비 제조업",4
2018,전남,정보서비스업,4
2018,전남,종합 건설업,36
2018,전남,창고 및 운송관련 서비스업,7
2018,전남,"창작, 예술 및 여가관련 서비스업",7
2018,전남,출판업,19
2018,전남,"컴퓨터 프로그래밍, 시스템 통합 및 관리업",3
2018,전남,"펄프, 종이 및 종이제품 제조업",2
2018,전남,"폐기물 수집, 운반, 처리 및 원료 재생업",7
2018,전남,협회 및 단체,17
2018,전남,화학 물질 및 화학제품 제조업; 의약품 제외,11
2018,전북,1차 금속 제조업,2
2018,전북,가구 제조업,1
2018,전북,개인 및 소비용품 수리업,3
2018,전북,"건축 기술, 엔지니어링 및 기타 과학기술 서비스업",7
2018,전북,고무 및 플라스틱제품 제조업,6
2018,전북,교육 서비스업,10
2018,전북,금속 가공제품 제조업; 기계 및 가구 제외,13
2018,전북,금융 및 보험관련 서비스업,7
2018,전북,금융업,2
2018,전북,기타 기계 및 장비 제조업,18
2018,전북,기타 운송장비 제조업,3
2018,전북,"기타 전문, 과학 및 기술 서비스업",3
2018,전북,기타 제품 제조업,7
2018,전북,농업,60
2018,전북,도매 및 상품 중개업,157
2018,전북,목재 및 나무제품 제조업; 가구 제외,1
2018,전북,방송업,1
2018,전북,부동산업,59
2018,전북,비금속 광물제품 제조업,3
2018,전북,비금속광물 광업; 연료용 제외,2
2018,전북,사업 지원 서비스업,16
2018,전북,사업시설 관리 및 조경 서비스업,8
2018,전북,사회복지 서비스업,4
2018,전북,섬유제품 제조업; 의복 제외,1
2018,전북,소매업; 자동차 제외,33
2018,전북,숙박업,4
2018,전북,스포츠 및 오락관련 서비스업,3
2018,전북,식료품 제조업,35
2018,전북,어업,2
2018,전북,연구개발업,3
2018,전북,영상ㆍ오디오 기록물 제작 및 배급업,2
2018,전북,육상 운송 및 파이프라인 운송업,9
2018,전북,음식점 및 주점업,8
2018,전북,"의료, 정밀, 광학 기기 및 시계 제조업",2
2018,전북,"의복, 의복 액세서리 및 모피제품 제조업",5
2018,전북,인쇄 및 기록매체 복제업,1
2018,전북,임대업; 부동산 제외,7
2018,전북,임업,5
2018,전북,자동차 및 부품 판매업,4
2018,전북,자동차 및 트레일러 제조업,6
2018,전북,"전기, 가스, 증기 및 공기 조절 공급업",70
2018,전북,전기장비 제조업,2
2018,전북,전문 서비스업,25
2018,전북,전문직별 공사업,54
2018,전북,"전자 부품, 컴퓨터, 영상, 음향 및 통신장비 제조업",4
2018,전북,정보서비스업,2
2018,전북,종합 건설업,23
2018,전북,창고 및 운송관련 서비스업,1
2018,전북,"창작, 예술 및 여가관련 서비스업",7
2018,전북,출판업,18
2018,전북,"컴퓨터 프로그래밍, 시스템 통합 및 관리업",3
2018,전북,"펄프, 종이 및 종이제품 제조업",2
2018,전북,"폐기물 수집, 운반, 처리 및 원료 재생업",1
2018,전북,"하수, 폐수 및 분뇨 처리업",1
2018,전북,협회 및 단체,9
2018,전북,화학 물질 및 화학제품 제조업; 의약품 제외,9
2018,제주,가구 제조업,3
2018,제주,"건축 기술, 엔지니어링 및 기타 과학기술 서비스업",14
2018,제주,교육 서비스업,12
2018,제주,금융업,1
2018,제주,기타 개인 서비스업,1
2018,제주,기타 기계 및 장비 제조업,1
2018,제주,"기타 전문, 과학 및 기술 서비스업",4
2018,제주,기타 제품 제조업,2
2018,제주,농업,14
2018,제주,도매 및 상품 중개업,50
2018,제주,부동산업,46
2018,제주,비금속광물 광업; 연료용 제외,1
2018,제주,사업 지원 서비스업,32
2018,제주,사업시설 관리 및 조경 서비스업,5
2018,제주,사회복지 서비스업,3
2018,제주,소매업; 자동차 제외,13
2018,제주,수상 운송업,2
2018,제주,숙박업,11
2018,제주,스포츠 및 오락관련 서비스업,6
2018,제주,식료품 제조업,14
2018,제주,영상ㆍ오디오 기록물 제작 및 배급업,3
2018,제주,육상 운송 및 파이프라인 운송업,4
2018,제주,음료 제조업,2
2018,제주,음식점 및 주점업,14
2018,제주,임대업; 부동산 제외,5
2018,제주,자동차 및 부품 판매업,1
2018,제주,"전기, 가스, 증기 및 공기 조절 공급업",15
2018,제주,전문 서비스업,14
2018,제주,전문직별 공사업,27
2018,제주,정보서비스업,6
2018,제주,종합 건설업,21
2018,제주,창고 및 운송관련 서비스업,2
2018,제주,"창작, 예술 및 여가관련 서비스업",3
2018,제주,출판업,21
2018,제주,"컴퓨터 프로그래밍, 시스템 통합 및 관리업",1
2018,제주,"하수, 폐수 및 분뇨 처리업",2
2018,제주,협회 및 단체,4
2018,제주,화학 물질 및 화학제품 제조업; 의약품 제외,2
2018,충남,1차 금속 제조업,4
2018,충남,"가죽, 가방 및 신발 제조업",1
2018,충남,개인 및 소비용품 수리업,4
2018,충남,"건축 기술, 엔지니어링 및 기타 과학기술 서비스업",7
2018,충남,고무 및 플라스틱제품 제조업,3
2018,충남,"공공 행정, 국방 및 사회보장 행정",1
2018,충남,교육 서비스업,8
2018,충남,금속 가공제품 제조업; 기계 및 가구 제외,15
2018,충남,금속 광업,2
2018,충남,금융 및 보험관련 서비스업,3
2018,충남,금융업,6
2018,충남,기타 개인 서비스업,2
2018,충남,기타 기계 및 장비 제조업,43
2018,충남,기타 운송장비 제조업,2
2018,충남,"기타 전문, 과학 및 기술 서비스업",2
2018,충남,기타 제품 제조업,6
2018,충남,농업,34
2018,충남,도매 및 상품 중개업,175
2018,충남,목재 및 나무제품 제조업; 가구 제외,2
2018,충남,부동산업,63
2018,충남,비금속 광물제품 제조업,4
2018,충남,사업 지원 서비스업,36
2018,충남,사업시설 관리 및 조경 서비스업,6
2018,충남,사회복지 서비스업,2
2018,충남,산업용 기계 및 장비 수리업,4
2018,충남,섬유제품 제조업; 의복 제외,5
2018,충남,소매업; 자동차 제외,25
2018,충남,숙박업,2
2018,충남,스포츠 및 오락관련 서비스업,7
2018,충남,식료품 제조업,36
2018,충남,어업,4
2018,충남,연구개발업,5
2018,충남,영상ㆍ오디오 기록물 제작 및 배급업,3
2018,충남,우편 및 통신업,1
2018,충남,육상 운송 및 파이프라인 운송업,6
2018,충남,음료 제조업,2
2018,충남,음식점 및 주점업,8
2018,충남,"의료, 정밀, 광학 기기 및 시계 제조업",4
2018,충남,"의복, 의복 액세서리 및 모피제품 제조업",2
2018,충남,임대업; 부동산 제외,13
2018,충남,임업,1
2018,충남,자동차 및 부품 판매업,12
2018,충남,자동차 및 트레일러 제조업,18
2018,충남,"전기, 가스, 증기 및 공기 조절 공급업",65
2018,충남,전기장비 제조업,11
2018,충남,전문 서비스업,33
2018,충남,전문직별 공사업,66
2018,충남,"전자 부품, 컴퓨터, 영상, 음향 및 통신장비 제조업",28
2018,충남,정보서비스업,4
2018,충남,종합 건설업,23
2018,충남,창고 및 운송관련 서비스업,5
2018,충남,"창작, 예술 및 여가관련 서비스업",6
2018,충남,출판업,24
2018,충남,"컴퓨터 프로그래밍, 시스템 통합 및 관리업",3
2018,충남,"펄프, 종이 및 종이제품 제조업",5
2018,충남,"폐기물 수집, 운반, 처리 및 원료 재생업",6
2018,충남,협회 및 단체,13
2018,충남,화학 물질 및 화학제품 제조업; 의약품 제외,7
2018,충남,환경 정화 및 복원업,1
2018,충북,1차 금속 제조업,10
2018,충북,가구 제조업,2
2018,충북,"가죽, 가방 및 신발 제조업",1
2018,충북,개인 및 소비용품 수리업,1
2018,충북,"건축 기술, 엔지니어링 및 기타 과학기술 서비스업",14
2018,충북,고무 및 플라스틱제품 제조업,11
2018,충북,교육 서비스업,9
2018,충북,금속 가공제품 제조업; 기계 및 가구 제외,11
2018,충북,금융 및 보험관련 서비스업,6
2018,충북,금융업,1
2018,충북,기타 개인 서비스업,4
2018,충북,기타 기계 및 장비 제조업,22
2018,충북,기타 운송장비 제조업,1
2018,충북,"기타 전문, 과학 및 기술 서비스업",3
2018,충북,기타 제품 제조업,2
2018,충북,농업,26
2018,충북,도매 및 상품 중개업,134
2018,충북,목재 및 나무제품 제조업; 가구 제외,3
2018,충북,부동산업,37
2018,충북,비금속 광물제품 제조업,9
2018,충북,비금속광물 광업; 연료용 제외,2
2018,충북,사업 지원 서비스업,23
2018,충북,사업시설 관리 및 조경 서비스업,4
2018,충북,사회복지 서비스업,4
2018,충북,섬유제품 제조업; 의복 제외,2
2018,충북,소매업; 자동차 제외,22
2018,충북,숙박업,1
2018,충북,스포츠 및 오락관련 서비스업,10
2018,충북,식료품 제조업,31
2018,충북,연구개발업,4
2018,충북,영상ㆍ오디오 기록물 제작 및 배급업,1
2018,충북,육상 운송 및 파이프라인 운송업,10
2018,충북,음료 제조업,4
2018,충북,음식점 및 주점업,4
2018,충북,"의료, 정밀, 광학 기기 및 시계 제조업",5
2018,충북,"의복, 의복 액세서리 및 모피제품 제조업",5
2018,충북,인쇄 및 기록매체 복제업,1
2018,충북,임대업; 부동산 제외,4
2018,충북,임업,2
2018,충북,자동차 및 부품 판매업,5
2018,충북,자동차 및 트레일러 제조업,4
2018,충북,"전기, 가스, 증기 및 공기 조절 공급업",49
2018,충북,전기장비 제조업,4
2018,충북,전문 서비스업,13
2018,충북,전문직별 공사업,33
2018,충북,"전자 부품, 컴퓨터, 영상, 음향 및 통신장비 제조업",12
2018,충북,정보서비스업,5
2018,충북,종합 건설업,20
2018,충북,창고 및 운송관련 서비스업,6
2018,충북,"창작, 예술 및 여가관련 서비스업",3
2018,충북,출판업,15
2018,충북,"컴퓨터 프로그래밍, 시스템 통합 및 관리업",1
2018,충북,"펄프, 종이 및 종이제품 제조업",2
2018,충북,"폐기물 수집, 운반, 처리 및 원료 재생업",7
2018,충북,협회 및 단체,5
2018,충북,화학 물질 및 화학제품 제조업; 의약품 제외,25
2019,강원,"건축 기술, 엔지니어링 및 기타 과학기술 서비스업",4
2019,강원,고무 및 플라스틱제품 제조업,1
2019,강원,교육 서비스업,10
2019,강원,금속 가공제품 제조업; 기계 및 가구 제외,2
2019,강원,금융 및 보험관련 서비스업,1
2019,강원,기타 개인 서비스업,3
2019,강원,기타 기계 및 장비 제조업,4
2019,강원,기타 운송장비 제조업,1
2019,강원,"기타 전문, 과학 및 기술 서비스업",6
2019,강원,기타 제품 제조업,4
2019,강원,농업,32
2019,강원,도매 및 상품 중개업,85
2019,강원,목재 및 나무제품 제조업; 가구 제외,2
2019,강원,보험 및 연금업,1
2019,강원,부동산업,44
2019,강원,비금속 광물제품 제조업,6
2019,강원,비금속광물 광업; 연료용 제외,1
2019,강원,사업 지원 서비스업,14
2019,강원,소매업; 자동차 제외,43
2019,강원,숙박업,3
2019,강원,스포츠 및 오락관련 서비스업,4
2019,강원,식료품 제조업,24
2019,강원,어업,3
2019,강원,연구개발업,3
2019,강원,영상ㆍ오디오 기록물 제작 및 배급업,4
2019,강원,음료 제조업,2
2019,강원,음식점 및 주점업,6
2019,강원,"의료, 정밀, 광학 기기 및 시계 제조업",4
2019,강원,"의복, 의복 액세서리 및 모피제품 제조업",1
2019,강원,인쇄 및 기록매체 복제업,2
2019,강원,임대업; 부동산 제외,7
2019,강원,임업,1
2019,강원,자동차 및 부품 판매업,6
2019,강원,자동차 및 트레일러 제조업,2
2019,강원,"전기, 가스, 증기 및 공기 조절 공급업",40
2019,강원,전기장비 제조업,2
2019,강원,전문 서비스업,12
2019,강원,전문직별 공사업,44
2019,강원,"전자 부품, 컴퓨터, 영상, 음향 및 통신장비 제조업",3
2019,강원,정보서비스업,4
2019,강원,종합 건설업,21
2019,강원,창고 및 운송관련 서비스업,1
2019,강원,"창작, 예술 및 여가관련 서비스업",10
2019,강원,출판업,20
2019,강원,"코크스, 연탄 및 석유정제품 제조업",1
2019,강원,"폐기물 수집, 운반, 처리 및 원료 재생업",2
2019,강원,협회 및 단체,8
2019,강원,화학 물질 및 화학제품 제조업; 의약품 제외,3
2019,경기,1차 금속 제조업,43
2019,경기,가구 제조업,55
2019,경기,"가죽, 가방 및 신발 제조업",21
2019,경기,개인 및 소비용품 수리업,21
2019,경기,"건축 기술, 엔지니어링 및 기타 과학기술 서비스업",61
2019,경기,고무 및 플라스틱제품 제조업,61
2019,경기,교육 서비스업,127
2019,경기,금속 가공제품 제조업; 기계 및 가구 제외,88
2019,경기,금융 및 보험관련 서비스업,73
2019,경기,금융업,70
2019,경기,기타 개인 서비스업,27
2019,경기,기타 기계 및 장비 제조업,199
2019,경기,기타 운송장비 제조업,13
2019,경기,"기타 전문, 과학 및 기술 서비스업",104
2019,경기,기타 제품 제조업,98
2019,경기,농업,79
2019,경기,도매 및 상품 중개업,1789
2019,경기,목재 및 나무제품 제조업; 가구 제외,12
2019,경기,방송업,10
2019,경기,보건업,2
2019,경기,부동산업,1167
2019,경기,비금속 광물제품 제조업,16
2019,경기,비금속광물 광업; 연료용 제외,7
2019,경기,사업 지원 서비스업,320
2019,경기,사업시설 관리 및 조경 서비스업,59
2019,경기,사회복지 서비스업,13
2019,경기,산업용 기계 및 장비 수리업,6
2019,경기,섬유제품 제조업; 의복 제외,34
2019,경기,소매업; 자동차 제외,543
2019,경기,숙박업,11
2019,경기,스포츠 및 오락관련 서비스업,64
2019,경기,식료품 제조업,237
2019,경기,어업,2
2019,경기,연구개발업,33
2019,경기,영상ㆍ오디오 기록물 제작 및 배급업,101
2019,경기,우편 및 통신업,6
2019,경기,육상 운송 및 파이프라인 운송업,76
2019,경기,음료 제조업,7
2019,경기,음식점 및 주점업,126
2019,경기,"의료, 정밀, 광학 기기 및 시계 제조업",61
2019,경기,의료용 물질 및 의약품 제조업,9
2019,경기,"의복, 의복 액세서리 및 모피제품 제조업",81
2019,경기,인쇄 및 기록매체 복제업,22
2019,경기,임대업; 부동산 제외,41
2019,경기,임업,3
2019,경기,자동차 및 부품 판매업,83
2019,경기,자동차 및 트레일러 제조업,74
2019,경기,"전기, 가스, 증기 및 공기 조절 공급업",34
2019,경기,전기장비 제조업,121
2019,경기,전문 서비스업,430
2019,경기,전문직별 공사업,298
2019,경기,"전자 부품, 컴퓨터, 영상, 음향 및 통신장비 제조업",289
2019,경기,정보서비스업,113
2019,경기,종합 건설업,195
2019,경기,창고 및 운송관련 서비스업,65
2019,경기,"창작, 예술 및 여가관련 서비스업",33
2019,경기,출판업,482
2019,경기,"컴퓨터 프로그래밍, 시스템 통합 및 관리업",35
2019,경기,"코크스, 연탄 및 석유정제품 제조업",1
2019,경기,"펄프, 종이 및 종이제품 제조업",22
2019,경기,"폐기물 수집, 운반, 처리 및 원료 재생업",45
2019,경기,"하수, 폐수 및 분뇨 처리업",1
2019,경기,항공 운송업,2
2019,경기,협회 및 단체,40
2019,경기,화학 물질 및 화학제품 제조업; 의약품 제외,135
2019,경기,환경 정화 및 복원업,1
2019,경남,1차 금속 제조업,11
2019,경남,가구 제조업,3
2019,경남,"가죽, 가방 및 신발 제조업",1
2019,경남,개인 및 소비용품 수리업,3
2019,경남,"건축 기술, 엔지니어링 및 기타 과학기술 서비스업",10
2019,경남,고무 및 플라스틱제품 제조업,8
2019,경남,교육 서비스업,10
2019,경남,금속 가공제품 제조업; 기계 및 가구 제외,22
2019,경남,금융 및 보험관련 서비스업,6
2019,경남,금융업,4
2019,경남,기타 개인 서비스업,3
2019,경남,기타 기계 및 장비 제조업,46
2019,경남,기타 운송장비 제조업,34
2019,경남,"기타 전문, 과학 및 기술 서비스업",6
2019,경남,기타 제품 제조업,8
2019,경남,농업,30
2019,경남,담배 제조업,1
2019,경남,도매 및 상품 중개업,160
2019,경남,목재 및 나무제품 제조업; 가구 제외,3
2019,경남,방송업,3
2019,경남,보험 및 연금업,1
2019,경남,부동산업,85
2019,경남,비금속 광물제품 제조업,4
2019,경남,사업 지원 서비스업,18
2019,경남,사업시설 관리 및 조경 서비스업,12
2019,경남,사회복지 서비스업,4
2019,경남,산업용 기계 및 장비 수리업,2
2019,경남,섬유제품 제조업; 의복 제외,5
2019,경남,소매업; 자동차 제외,49
2019,경남,숙박업,5
2019,경남,스포츠 및 오락관련 서비스업,6
2019,경남,식료품 제조업,54
2019,경남,어업,5
2019,경남,연구개발업,6
2019,경남,영상ㆍ오디오 기록물 제작 및 배급업,2
2019,경남,육상 운송 및 파이프라인 운송업,27
2019,경남,음료 제조업,1
2019,경남,음식점 및 주점업,25
2019,경남,"의료, 정밀, 광학 기기 및 시계 제조업",9
2019,경남,의료용 물질 및 의약품 제조업,2
2019,경남,"의복, 의복 액세서리 및 모피제품 제조업",3
2019,경남,인쇄 및 기록매체 복제업,3
2019,경남,임대업; 부동산 제외,5
2019,경남,임업,4
2019,경남,자동차 및 부품 판매업,8
2019,경남,자동차 및 트레일러 제조업,17
2019,경남,"전기, 가스, 증기 및 공기 조절 공급업",30
2019,경남,전기장비 제조업,13
2019,경남,전문 서비스업,25
2019,경남,전문직별 공사업,71
2019,경남,"전자 부품, 컴퓨터, 영상, 음향 및 통신장비 제조업",7
2019,경남,정보서비스업,9
2019,경남,종합 건설업,37
2019,경남,창고 및 운송관련 서비스업,9
2019,경남,"창작, 예술 및 여가관련 서비스업",5
2019,경남,출판업,21
2019,경남,"컴퓨터 프로그래밍, 시스템 통합 및 관리업",3
2019,경남,"펄프, 종이 및 종이제품 제조업",4
2019,경남,"폐기물 수집, 운반, 처리 및 원료 재생업",13
2019,경남,협회 및 단체,12
2019,경남,화학 물질 및 화학제품 제조업; 의약품 제외,10
2019,경북,1차 금속 제조업,9
2019,경북,가구 제조업,2
2019,경북,개인 및 소비용품 수리업,3
2019,경북,"건축 기술, 엔지니어링 및 기타 과학기술 서비스업",8
2019,경북,고무 및 플라스틱제품 제조업,8
2019,경북,교육 서비스업,15
2019,경북,금속 가공제품 제조업; 기계 및 가구 제외,18
2019,경북,금융 및 보험관련 서비스업,1
2019,경북,기타 개인 서비스업,2
2019,경북,기타 기계 및 장비 제조업,30
2019,경북,기타 운송장비 제조업,4
2019,경북,"기타 전문, 과학 및 기술 서비스업",8
2019,경북,기타 제품 제조업,6
2019,경북,농업,73
2019,경북,도매 및 상품 중개업,162
2019,경북,목재 및 나무제품 제조업; 가구 제외,2
2019,경북,방송업,1
2019,경북,보건업,2
2019,경북,부동산업,59
2019,경북,비금속 광물제품 제조업,4
2019,경북,비금속광물 광업; 연료용 제외,3
2019,경북,사업 지원 서비스업,33
2019,경북,사업시설 관리 및 조경 서비스업,11
2019,경북,사회복지 서비스업,6
2019,경북,섬유제품 제조업; 의복 제외,7
2019,경북,소매업; 자동차 제외,41
2019,경북,숙박업,3
2019,경북,스포츠 및 오락관련 서비스업,3
2019,경북,식료품 제조업,51
2019,경북,어업,1
2019,경북,연구개발업,4
2019,경북,영상ㆍ오디오 기록물 제작 및 배급업,5
2019,경북,육상 운송 및 파이프라인 운송업,11
2019,경북,음료 제조업,4
2019,경북,음식점 및 주점업,9
2019,경북,"의료, 정밀, 광학 기기 및 시계 제조업",16
2019,경북,"의복, 의복 액세서리 및 모피제품 제조업",3
2019,경북,인쇄 및 기록매체 복제업,1
2019,경북,임대업; 부동산 제외,7
2019,경북,임업,7
2019,경북,자동차 및 부품 판매업,6
2019,경북,자동차 및 트레일러 제조업,22
2019,경북,"전기, 가스, 증기 및 공기 조절 공급업",26
2019,경북,전기장비 제조업,8
2019,경북,전문 서비스업,34
2019,경북,전문직별 공사업,78
2019,경북,"전자 부품, 컴퓨터, 영상, 음향 및 통신장비 제조업",20
2019,경북,정보서비스업,10
2019,경북,종합 건설업,34
2019,경북,창고 및 운송관련 서비스업,4
2019,경북,"창작, 예술 및 여가관련 서비스업",6
2019,경북,출판업,20
2019,경북,"컴퓨터 프로그래밍, 시스템 통합 및 관리업",4
2019,경북,"펄프, 종이 및 종이제품 제조업",3
2019,경북,"폐기물 수집, 운반, 처리 및 원료 재생업",9
2019,경북,협회 및 단체,11
2019,경북,화학 물질 및 화학제품 제조업; 의약품 제외,17
2019,광주,가구 제조업,1
2019,광주,"가죽, 가방 및 신발 제조업",1
2019,광주,개인 및 소비용품 수리업,2
2019,광주,"건축 기술, 엔지니어링 및 기타 과학기술 서비스업",14
2019,광주,고무 및 플라스틱제품 제조업,12
2019,광주,교육 서비스업,11
2019,광주,금속 가공제품 제조업; 기계 및 가구 제외,6
2019,광주,금융 및 보험관련 서비스업,10
2019,광주,금융업,2
2019,광주,기타 개인 서비스업,6
2019,광주,기타 기계 및 장비 제조업,17
2019,광주,기타 운송장비 제조업,1
2019,광주,"기타 전문, 과학 및 기술 서비스업",23
2019,광주,기타 제품 제조업,11
2019,광주,농업,78
2019,광주,도매 및 상품 중개업,227
2019,광주,목재 및 나무제품 제조업; 가구 제외,2
2019,광주,방송업,2
2019,광주,부동산업,147
2019,광주,비금속 광물제품 제조업,5
2019,광주,비금속광물 광업; 연료용 제외,1
2019,광주,사업 지원 서비스업,31
2019,광주,사업시설 관리 및 조경 서비스업,6
2019,광주,사회복지 서비스업,2
2019,광주,섬유제품 제조업; 의복 제외,1
2019,광주,소매업; 자동차 제외,77
2019,광주,숙박업,5
2019,광주,스포츠 및 오락관련 서비스업,4
2019,광주,식료품 제조업,36
2019,광주,어업,1
2019,광주,연구개발업,4
2019,광주,영상ㆍ오디오 기록물 제작 및 배급업,4
2019,광주,우편 및 통신업,1
2019,광주,육상 운송 및 파이프라인 운송업,13
2019,광주,음료 제조업,1
2019,광주,음식점 및 주점업,10
2019,광주,"의료, 정밀, 광학 기기 및 시계 제조업",5
2019,광주,의료용 물질 및 의약품 제조업,2
2019,광주,"의복, 의복 액세서리 및 모피제품 제조업",7
2019,광주,인쇄 및 기록매체 복제업,3
2019,광주,임대업; 부동산 제외,4
2019,광주,임업,2
2019,광주,자동차 및 부품 판매업,14
2019,광주,자동차 및 트레일러 제조업,10
2019,광주,"전기, 가스, 증기 및 공기 조절 공급업",58
2019,광주,전기장비 제조업,17
2019,광주,전문 서비스업,44
2019,광주,전문직별 공사업,64
2019,광주,"전자 부품, 컴퓨터, 영상, 음향 및 통신장비 제조업",18
2019,광주,정보서비스업,9
2019,광주,종합 건설업,26
2019,광주,창고 및 운송관련 서비스업,2
2019,광주,"창작, 예술 및 여가관련 서비스업",3
2019,광주,출판업,31
2019,광주,"컴퓨터 프로그래밍, 시스템 통합 및 관리업",2
2019,광주,"펄프, 종이 및 종이제품 제조업",1
2019,광주,협회 및 단체,5
2019,광주,화학 물질 및 화학제품 제조업; 의약품 제외,12
2019,대구,1차 금속 제조업,4
2019,대구,가구 제조업,3
2019,대구,"가죽, 가방 및 신발 제조업",1
2019,대구,개인 및 소비용품 수리업,1
2019,대구,"건축 기술, 엔지니어링 및 기타 과학기술 서비스업",9
2019,대구,고무 및 플라스틱제품 제조업,1
2019,대구,교육 서비스업,14
2019,대구,금속 가공제품 제조업; 기계 및 가구 제외,3
2019,대구,금융 및 보험관련 서비스업,5
2019,대구,금융업,6
2019,대구,기타 개인 서비스업,5
2019,대구,기타 기계 및 장비 제조업,20
2019,대구,기타 운송장비 제조업,1
2019,대구,"기타 전문, 과학 및 기술 서비스업",13
2019,대구,기타 제품 제조업,12
2019,대구,농업,13
2019,대구,도매 및 상품 중개업,223
2019,대구,목재 및 나무제품 제조업; 가구 제외,1
2019,대구,방송업,1
2019,대구,보험 및 연금업,1
2019,대구,부동산업,151
2019,대구,비금속 광물제품 제조업,1
2019,대구,비금속광물 광업; 연료용 제외,1
2019,대구,사업 지원 서비스업,34
2019,대구,사업시설 관리 및 조경 서비스업,8
2019,대구,사회복지 서비스업,5
2019,대구,섬유제품 제조업; 의복 제외,8
2019,대구,소매업; 자동차 제외,49
2019,대구,스포츠 및 오락관련 서비스업,8
2019,대구,식료품 제조업,23
2019,대구,어업,1
2019,대구,연구개발업,5
2019,대구,영상ㆍ오디오 기록물 제작 및 배급업,4
2019,대구,우편 및 통신업,1
2019,대구,육상 운송 및 파이프라인 운송업,3
2019,대구,음료 제조업,1
2019,대구,음식점 및 주점업,21
2019,대구,"의료, 정밀, 광학 기기 및 시계 제조업",12
2019,대구,의료용 물질 및 의약품 제조업,1
2019,대구,"의복, 의복 액세서리 및 모피제품 제조업",12
2019,대구,인쇄 및 기록매체 복제업,1
2019,대구,임대업; 부동산 제외,7
2019,대구,자동차 및 부품 판매업,11
2019,대구,자동차 및 트레일러 제조업,10
2019,대구,"전기, 가스, 증기 및 공기 조절 공급업",9
2019,대구,전기장비 제조업,7
2019,대구,전문 서비스업,60
2019,대구,전문직별 공사업,30
2019,대구,"전자 부품, 컴퓨터, 영상, 음향 및 통신장비 제조업",13
2019,대구,정보서비스업,14
2019,대구,종합 건설업,42
2019,대구,창고 및 운송관련 서비스업,3
2019,대구,"창작, 예술 및 여가관련 서비스업",6
2019,대구,출판업,52
2019,대구,"컴퓨터 프로그래밍, 시스템 통합 및 관리업",4
2019,대구,"펄프, 종이 및 종이제품 제조업",2
2019,대구,"폐기물 수집, 운반, 처리 및 원료 재생업",2
2019,대구,협회 및 단체,7
2019,대구,화학 물질 및 화학제품 제조업; 의약품 제외,9
2019,대전,1차 금속 제조업,2
2019,대전,가구 제조업,1
2019,대전,"건축 기술, 엔지니어링 및 기타 과학기술 서비스업",4
2019,대전,교육 서비스업,13
2019,대전,금속 가공제품 제조업; 기계 및 가구 제외,5
2019,대전,금융 및 보험관련 서비스업,3
2019,대전,금융업,5
2019,대전,기타 개인 서비스업,3
2019,대전,기타 기계 및 장비 제조업,11
2019,대전,기타 운송장비 제조업,1
2019,대전,"기타 전문, 과학 및 기술 서비스업",10
2019,대전,기타 제품 제조업,9
2019,대전,농업,12
2019,대전,도매 및 상품 중개업,136
2019,대전,목재 및 나무제품 제조업; 가구 제외,1
2019,대전,방송업,2
2019,대전,부동산업,91
2019,대전,비금속 광물제품 제조업,1
2019,대전,사업 지원 서비스업,23
2019,대전,사업시설 관리 및 조경 서비스업,5
2019,대전,사회복지 서비스업,4
2019,대전,섬유제품 제조업; 의복 제외,5
2019,대전,소매업; 자동차 제외,47
2019,대전,숙박업,1
2019,대전,스포츠 및 오락관련 서비스업,9
2019,대전,식료품 제조업,28
2019,대전,연구개발업,7
2019,대전,육상 운송 및 파이프라인 운송업,8
2019,대전,음식점 및 주점업,14
2019,대전,"의료, 정밀, 광학 기기 및 시계 제조업",16
2019,대전,의료용 물질 및 의약품 제조업,1
2019,대전,"의복, 의복 액세서리 및 모피제품 제조업",3
2019,대전,인쇄 및 기록매체 복제업,1
2019,대전,임대업; 부동산 제외,2
2019,대전,자동차 및 부품 판매업,20
2019,대전,자동차 및 트레일러 제조업,2
2019,대전,"전기, 가스, 증기 및 공기 조절 공급업",25
2019,대전,전기장비 제조업,12
2019,대전,전문 서비스업,33
2019,대전,전문직별 공사업,38
2019,대전,"전자 부품, 컴퓨터, 영상, 음향 및 통신장비 제조업",10
2019,대전,정보서비스업,13
2019,대전,종합 건설업,23
2019,대전,창고 및 운송관련 서비스업,4
2019,대전,"창작, 예술 및 여가관련 서비스업",4
2019,대전,출판업,50
2019,대전,"컴퓨터 프로그래밍, 시스템 통합 및 관리업",5
2019,대전,"폐기물 수집, 운반, 처리 및 원료 재생업",1
2019,대전,협회 및 단체,11
2019,대전,화학 물질 및 화학제품 제조업; 의약품 제외,14
2019,대전,환경 정화 및 복원업,1
2019,부산,1차 금속 제조업,7
2019,부산,가구 제조업,6
2019,부산,"가죽, 가방 및 신발 제조업",8
2019,부산,개인 및 소비용품 수리업,1
2019,부산,"건축 기술, 엔지니어링 및 기타 과학기술 서비스업",16
2019,부산,고무 및 플라스틱제품 제조업,6
2019,부산,교육 서비스업,22
2019,부산,금속 가공제품 제조업; 기계 및 가구 제외,12
2019,부산,금융 및 보험관련 서비스업,15
2019,부산,금융업,8
2019,부산,기타 개인 서비스업,10
2019,부산,기타 기계 및 장비 제조업,24
2019,부산,기타 운송장비 제조업,15
2019,부산,"기타 전문, 과학 및 기술 서비스업",14
2019,부산,기타 제품 제조업,14
2019,부산,농업,6
2019,부산,도매 및 상품 중개업,321
2019,부산,목재 및 나무제품 제조업; 가구 제외,2
2019,부산,보건업,2
2019,부산,부동산업,259
2019,부산,비금속 광물제품 제조업,5
2019,부산,사업 지원 서비스업,48
2019,부산,사업시설 관리 및 조경 서비스업,12
2019,부산,사회복지 서비스업,16
2019,부산,산업용 기계 및 장비 수리업,5
2019,부산,섬유제품 제조업; 의복 제외,3
2019,부산,소매업; 자동차 제외,89
2019,부산,수상 운송업,4
2019,부산,숙박업,8
2019,부산,스포츠 및 오락관련 서비스업,9
2019,부산,식료품 제조업,42
2019,부산,어업,1
2019,부산,연구개발업,9
2019,부산,영상ㆍ오디오 기록물 제작 및 배급업,11
2019,부산,우편 및 통신업,3
2019,부산,육상 운송 및 파이프라인 운송업,31
2019,부산,음식점 및 주점업,36
2019,부산,"의료, 정밀, 광학 기기 및 시계 제조업",15
2019,부산,의료용 물질 및 의약품 제조업,3
2019,부산,"의복, 의복 액세서리 및 모피제품 제조업",10
2019,부산,임대업; 부동산 제외,6
2019,부산,자동차 및 부품 판매업,11
2019,부산,자동차 및 트레일러 제조업,8
2019,부산,"전기, 가스, 증기 및 공기 조절 공급업",5
2019,부산,전기장비 제조업,10
2019,부산,전문 서비스업,80
2019,부산,전문직별 공사업,69
2019,부산,"전자 부품, 컴퓨터, 영상, 음향 및 통신장비 제조업",11
2019,부산,정보서비스업,26
2019,부산,종합 건설업,69
2019,부산,창고 및 운송관련 서비스업,22
2019,부산,"창작, 예술 및 여가관련 서비스업",12
2019,부산,출판업,63
2019,부산,"컴퓨터 프로그래밍, 시스템 통합 및 관리업",6
2019,부산,"펄프, 종이 및 종이제품 제조업",3
2019,부산,"폐기물 수집, 운반, 처리 및 원료 재생업",4
2019,부산,협회 및 단체,8
2019,부산,화학 물질 및 화학제품 제조업; 의약품 제외,12
2019,부산,환경 정화 및 복원업,1
2019,서울,1차 금속 제조업,2
2019,서울,가구 제조업,18
2019,서울,"가죽, 가방 및 신발 제조업",26
2019,서울,개인 및 소비용품 수리업,15
2019,서울,"건축 기술, 엔지니어링 및 기타 과학기술 서비스업",71
2019,서울,고무 및 플라스틱제품 제조업,9
2019,서울,광업 지원 서비스업,3
2019,서울,교육 서비스업,239
2019,서울,금속 가공제품 제조업; 기계 및 가구 제외,10
2019,서울,금융 및 보험관련 서비스업,708
2019,서울,금융업,996
2019,서울,기타 개인 서비스업,38
2019,서울,기타 기계 및 장비 제조업,60
2019,서울,기타 운송장비 제조업,3
2019,서울,"기타 전문, 과학 및 기술 서비스업",349
2019,서울,기타 제품 제조업,77
2019,서울,농업,13
2019,서울,도매 및 상품 중개업,2187
2019,서울,목재 및 나무제품 제조업; 가구 제외,5
2019,서울,방송업,21
2019,서울,보건업,5
2019,서울,부동산업,606
2019,서울,비금속 광물제품 제조업,6
2019,서울,사업 지원 서비스업,367
2019,서울,사업시설 관리 및 조경 서비스업,38
2019,서울,사회복지 서비스업,22
2019,서울,산업용 기계 및 장비 수리업,10
2019,서울,섬유제품 제조업; 의복 제외,34
2019,서울,소매업; 자동차 제외,936
2019,서울,수상 운송업,2
2019,서울,숙박업,15
2019,서울,스포츠 및 오락관련 서비스업,92
2019,서울,식료품 제조업,171
2019,서울,어업,1
2019,서울,연구개발업,55
2019,서울,영상ㆍ오디오 기록물 제작 및 배급업,283
2019,서울,우편 및 통신업,12
2019,서울,육상 운송 및 파이프라인 운송업,55
2019,서울,음료 제조업,11
2019,서울,음식점 및 주점업,292
2019,서울,"의료, 정밀, 광학 기기 및 시계 제조업",40
2019,서울,의료용 물질 및 의약품 제조업,15
2019,서울,"의복, 의복 액세서리 및 모피제품 제조업",208
2019,서울,인쇄 및 기록매체 복제업,17
2019,서울,임대업; 부동산 제외,41
2019,서울,임업,2
2019,서울,자동차 및 부품 판매업,98
2019,서울,자동차 및 트레일러 제조업,11
2019,서울,"전기, 가스, 증기 및 공기 조절 공급업",35
2019,서울,전기장비 제조업,43
2019,서울,전문 서비스업,1140
2019,서울,전문직별 공사업,177
2019,서울,"전자 부품, 컴퓨터, 영상, 음향 및 통신장비 제조업",80
2019,서울,정보서비스업,330
2019,서울,종합 건설업,99
2019,서울,창고 및 운송관련 서비스업,56
2019,서울,"창작, 예술 및 여가관련 서비스업",109
2019,서울,출판업,1256
2019,서울,"컴퓨터 프로그래밍, 시스템 통합 및 관리업",92
2019,서울,"코크스, 연탄 및 석유정제품 제조업",1
2019,서울,"펄프, 종이 및 종이제품 제조업",5
2019,서울,"폐기물 수집, 운반, 처리 및 원료 재생업",6
2019,서울,항공 운송업,1
2019,서울,협회 및 단체,47
2019,서울,화학 물질 및 화학제품 제조업; 의약품 제외,196
2019,서울,환경 정화 및 복원업,1
2019,세종,"건축 기술, 엔지니어링 및 기타 과학기술 서비스업",4
2019,세종,교육 서비스업,2
2019,세종,금속 가공제품 제조업; 기계 및 가구 제외,3
2019,세종,금융업,3
2019,세종,기타 개인 서비스업,2
2019,세종,기타 기계 및 장비 제조업,1
2019,세종,"기타 전문, 과학 및 기술 서비스업",4
2019,세종,기타 제품 제조업,2
2019,세종,농업,5
2019,세종,도매 및 상품 중개업,29
2019,세종,목재 및 나무제품 제조업; 가구 제외,1
2019,세종,방송업,1
2019,세종,보건업,1
2019,세종,부동산업,42
2019,세종,비금속 광물제품 제조업,2
2019,세종,비금속광물 광업; 연료용 제외,1
2019,세종,사업 지원 서비스업,7
2019,세종,사업시설 관리 및 조경 서비스업,3
2019,세종,사회복지 서비스업,3
2019,세종,섬유제품 제조업; 의복 제외,1
2019,세종,소매업; 자동차 제외,7
2019,세종,숙박업,1
2019,세종,스포츠 및 오락관련 서비스업,3
2019,세종,식료품 제조업,9
2019,세종,연구개발업,1
2019,세종,영상ㆍ오디오 기록물 제작 및 배급업,1
2019,세종,우편 및 통신업,1
2019,세종,음식점 및 주점업,3
2019,세종,의료용 물질 및 의약품 제조업,1
2019,세종,"의복, 의복 액세서리 및 모피제품 제조업",2
2019,세종,임대업; 부동산 제외,1
2019,세종,자동차 및 부품 판매업,1
2019,세종,"전기, 가스, 증기 및 공기 조절 공급업",5
2019,세종,전문 서비스업,12
2019,세종,전문직별 공사업,9
2019,세종,정보서비스업,1
2019,세종,종합 건설업,10
2019,세종,창고 및 운송관련 서비스업,1
2019,세종,출판업,9
2019,세종,"컴퓨터 프로그래밍, 시스템 통합 및 관리업",2
2019,세종,"펄프, 종이 및 종이제품 제조업",2
2019,세종,"폐기물 수집, 운반, 처리 및 원료 재생업",1
2019,세종,협회 및 단체,1
2019,세종,화학 물질 및 화학제품 제조업; 의약품 제외,3
2019,울산,"가죽, 가방 및 신발 제조업",1
2019,울산,개인 및 소비용품 수리업,2
2019,울산,"건축 기술, 엔지니어링 및 기타 과학기술 서비스업",5
2019,울산,고무 및 플라스틱제품 제조업,3
2019,울산,교육 서비스업,9
2019,울산,금속 가공제품 제조업; 기계 및 가구 제외,10
2019,울산,금융 및 보험관련 서비스업,1
2019,울산,금융업,3
2019,울산,기타 개인 서비스업,1
2019,울산,기타 기계 및 장비 제조업,9
2019,울산,기타 운송장비 제조업,12
2019,울산,"기타 전문, 과학 및 기술 서비스업",7
2019,울산,기타 제품 제조업,3
2019,울산,농업,5
2019,울산,도매 및 상품 중개업,50
2019,울산,부동산업,52
2019,울산,비금속 광물제품 제조업,4
2019,울산,사업 지원 서비스업,3
2019,울산,사업시설 관리 및 조경 서비스업,4
2019,울산,사회복지 서비스업,1
2019,울산,소매업; 자동차 제외,14
2019,울산,숙박업,1
2019,울산,스포츠 및 오락관련 서비스업,1
2019,울산,식료품 제조업,9
2019,울산,연구개발업,1
2019,울산,영상ㆍ오디오 기록물 제작 및 배급업,1
2019,울산,육상 운송 및 파이프라인 운송업,3
2019,울산,음식점 및 주점업,6
2019,울산,"의료, 정밀, 광학 기기 및 시계 제조업",2
2019,울산,"의복, 의복 액세서리 및 모피제품 제조업",4
2019,울산,인쇄 및 기록매체 복제업,1
2019,울산,임업,1
2019,울산,자동차 및 부품 판매업,1
2019,울산,자동차 및 트레일러 제조업,10
2019,울산,"전기, 가스, 증기 및 공기 조절 공급업",3
2019,울산,전기장비 제조업,3
2019,울산,전문 서비스업,16
2019,울산,전문직별 공사업,25
2019,울산,정보서비스업,5
2019,울산,종합 건설업,12
2019,울산,창고 및 운송관련 서비스업,3
2019,울산,"창작, 예술 및 여가관련 서비스업",2
2019,울산,출판업,9
2019,울산,"컴퓨터 프로그래밍, 시스템 통합 및 관리업",1
2019,울산,"폐기물 수집, 운반, 처리 및 원료 재생업",4
2019,울산,협회 및 단체,4
2019,울산,화학 물질 및 화학제품 제조업; 의약품 제외,1
2019,인천,1차 금속 제조업,3
2019,인천,가구 제조업,8
2019,인천,"가죽, 가방 및 신발 제조업",6
2019,인천,개인 및 소비용품 수리업,5
2019,인천,"건축 기술, 엔지니어링 및 기타 과학기술 서비스업",16
2019,인천,고무 및 플라스틱제품 제조업,7
2019,인천,교육 서비스업,17
2019,인천,금속 가공제품 제조업; 기계 및 가구 제외,15
2019,인천,금융 및 보험관련 서비스업,9
2019,인천,금융업,4
2019,인천,기타 개인 서비스업,7
2019,인천,기타 기계 및 장비 제조업,36
2019,인천,기타 운송장비 제조업,5
2019,인천,"기타 전문, 과학 및 기술 서비스업",17
2019,인천,기타 제품 제조업,18
2019,인천,농업,2
2019,인천,도매 및 상품 중개업,447
2019,인천,보험 및 연금업,1
2019,인천,부동산업,132
2019,인천,비금속 광물제품 제조업,2
2019,인천,사업 지원 서비스업,66
2019,인천,사업시설 관리 및 조경 서비스업,11
2019,인천,사회복지 서비스업,1
2019,인천,산업용 기계 및 장비 수리업,2
2019,인천,섬유제품 제조업; 의복 제외,4
2019,인천,소매업; 자동차 제외,99
2019,인천,숙박업,1
2019,인천,스포츠 및 오락관련 서비스업,16
2019,인천,식료품 제조업,41
2019,인천,어업,2
2019,인천,연구개발업,4
2019,인천,영상ㆍ오디오 기록물 제작 및 배급업,14
2019,인천,육상 운송 및 파이프라인 운송업,26
2019,인천,음식점 및 주점업,28
2019,인천,"의료, 정밀, 광학 기기 및 시계 제조업",5
2019,인천,의료용 물질 및 의약품 제조업,3
2019,인천,"의복, 의복 액세서리 및 모피제품 제조업",14
2019,인천,인쇄 및 기록매체 복제업,4
2019,인천,임대업; 부동산 제외,11
2019,인천,임업,1
2019,인천,자동차 및 부품 판매업,28
2019,인천,자동차 및 트레일러 제조업,11
2019,인천,"전기, 가스, 증기 및 공기 조절 공급업",2
2019,인천,전기장비 제조업,12
2019,인천,전문 서비스업,82
2019,인천,전문직별 공사업,60
2019,인천,"전자 부품, 컴퓨터, 영상, 음향 및 통신장비 제조업",34
2019,인천,정보서비스업,16
2019,인천,종합 건설업,35
2019,인천,창고 및 운송관련 서비스업,24
2019,인천,"창작, 예술 및 여가관련 서비스업",4
2019,인천,출판업,75
2019,인천,"컴퓨터 프로그래밍, 시스템 통합 및 관리업",7
2019,인천,"펄프, 종이 및 종이제품 제조업",1
2019,인천,"폐기물 수집, 운반, 처리 및 원료 재생업",7
2019,인천,협회 및 단체,4
2019,인천,화학 물질 및 화학제품 제조업; 의약품 제외,31
2019,전남,1차 금속 제조업,3
2019,전남,가구 제조업,4
2019,전남,개인 및 소비용품 수리업,2
2019,전남,"건축 기술, 엔지니어링 및 기타 과학기술 서비스업",8
2019,전남,고무 및 플라스틱제품 제조업,2
2019,전남,교육 서비스업,8
2019,전남,금속 가공제품 제조업; 기계 및 가구 제외,17
2019,전남,금융 및 보험관련 서비스업,1
2019,전남,금융업,1
2019,전남,기타 개인 서비스업,4
2019,전남,기타 기계 및 장비 제조업,13
2019,전남,기타 운송장비 제조업,37
2019,전남,"기타 전문, 과학 및 기술 서비스업",11
2019,전남,기타 제품 제조업,3
2019,전남,농업,71
2019,전남,도매 및 상품 중개업,118
2019,전남,목재 및 나무제품 제조업; 가구 제외,1
2019,전남,방송업,1
2019,전남,부동산업,64
2019,전남,비금속 광물제품 제조업,4
2019,전남,비금속광물 광업; 연료용 제외,3
2019,전남,사업 지원 서비스업,16
2019,전남,사업시설 관리 및 조경 서비스업,6
2019,전남,사회복지 서비스업,4
2019,전남,섬유제품 제조업; 의복 제외,3
2019,전남,소매업; 자동차 제외,38
2019,전남,수상 운송업,1
2019,전남,숙박업,9
2019,전남,스포츠 및 오락관련 서비스업,6
2019,전남,식료품 제조업,50
2019,전남,어업,18
2019,전남,연구개발업,6
2019,전남,영상ㆍ오디오 기록물 제작 및 배급업,3
2019,전남,육상 운송 및 파이프라인 운송업,18
2019,전남,음료 제조업,1
2019,전남,음식점 및 주점업,6
2019,전남,"의료, 정밀, 광학 기기 및 시계 제조업",2
2019,전남,"의복, 의복 액세서리 및 모피제품 제조업",4
2019,전남,인쇄 및 기록매체 복제업,3
2019,전남,임대업; 부동산 제외,4
2019,전남,임업,10
2019,전남,자동차 및 부품 판매업,4
2019,전남,자동차 및 트레일러 제조업,2
2019,전남,"전기, 가스, 증기 및 공기 조절 공급업",41
2019,전남,전기장비 제조업,9
2019,전남,전문 서비스업,25
2019,전남,전문직별 공사업,79
2019,전남,"전자 부품, 컴퓨터, 영상, 음향 및 통신장비 제조업",4
2019,전남,정보서비스업,7
2019,전남,종합 건설업,36
2019,전남,창고 및 운송관련 서비스업,15
2019,전남,"창작, 예술 및 여가관련 서비스업",5
2019,전남,출판업,16
2019,전남,"컴퓨터 프로그래밍, 시스템 통합 및 관리업",1
2019,전남,"폐기물 수집, 운반, 처리 및 원료 재생업",9
2019,전남,협회 및 단체,9
2019,전남,화학 물질 및 화학제품 제조업; 의약품 제외,16
2019,전북,1차 금속 제조업,6
2019,전북,개인 및 소비용품 수리업,4
2019,전북,"건축 기술, 엔지니어링 및 기타 과학기술 서비스업",12
2019,전북,고무 및 플라스틱제품 제조업,6
2019,전북,교육 서비스업,6
2019,전북,금속 가공제품 제조업; 기계 및 가구 제외,12
2019,전북,금융 및 보험관련 서비스업,2
2019,전북,금융업,4
2019,전북,기타 개인 서비스업,3
2019,전북,기타 기계 및 장비 제조업,9
2019,전북,기타 운송장비 제조업,3
2019,전북,"기타 전문, 과학 및 기술 서비스업",5
2019,전북,기타 제품 제조업,7
2019,전북,농업,56
2019,전북,도매 및 상품 중개업,147
2019,전북,목재 및 나무제품 제조업; 가구 제외,2
2019,전북,부동산업,90
2019,전북,비금속 광물제품 제조업,4
2019,전북,사업 지원 서비스업,16
2019,전북,사업시설 관리 및 조경 서비스업,9
2019,전북,사회복지 서비스업,5
2019,전북,산업용 기계 및 장비 수리업,2
2019,전북,소매업; 자동차 제외,54
2019,전북,숙박업,4
2019,전북,스포츠 및 오락관련 서비스업,1
2019,전북,식료품 제조업,56
2019,전북,연구개발업,6
2019,전북,영상ㆍ오디오 기록물 제작 및 배급업,3
2019,전북,우편 및 통신업,1
2019,전북,육상 운송 및 파이프라인 운송업,11
2019,전북,음료 제조업,1
2019,전북,음식점 및 주점업,12
2019,전북,"의료, 정밀, 광학 기기 및 시계 제조업",1
2019,전북,의료용 물질 및 의약품 제조업,1
2019,전북,"의복, 의복 액세서리 및 모피제품 제조업",2
2019,전북,인쇄 및 기록매체 복제업,2
2019,전북,임대업; 부동산 제외,8
2019,전북,임업,2
2019,전북,자동차 및 부품 판매업,5
2019,전북,자동차 및 트레일러 제조업,10
2019,전북,"전기, 가스, 증기 및 공기 조절 공급업",43
2019,전북,전기장비 제조업,9
2019,전북,전문 서비스업,76
2019,전북,전문직별 공사업,58
2019,전북,"전자 부품, 컴퓨터, 영상, 음향 및 통신장비 제조업",3
2019,전북,정보서비스업,16
2019,전북,종합 건설업,28
2019,전북,창고 및 운송관련 서비스업,4
2019,전북,"창작, 예술 및 여가관련 서비스업",7
2019,전북,출판업,15
2019,전북,"컴퓨터 프로그래밍, 시스템 통합 및 관리업",3
2019,전북,"폐기물 수집, 운반, 처리 및 원료 재생업",2
2019,전북,"하수, 폐수 및 분뇨 처리업",1
2019,전북,협회 및 단체,13
2019,전북,화학 물질 및 화학제품 제조업; 의약품 제외,13
2019,전북,환경 정화 및 복원업,1
2019,제주,가구 제조업,1
2019,제주,"건축 기술, 엔지니어링 및 기타 과학기술 서비스업",2
2019,제주,교육 서비스업,8
2019,제주,금속 가공제품 제조업; 기계 및 가구 제외,1
2019,제주,금융 및 보험관련 서비스업,3
2019,제주,금융업,3
2019,제주,기타 개인 서비스업,1
2019,제주,기타 기계 및 장비 제조업,2
2019,제주,"기타 전문, 과학 및 기술 서비스업",1
2019,제주,기타 제품 제조업,2
2019,제주,농업,12
2019,제주,도매 및 상품 중개업,41
2019,제주,부동산업,50
2019,제주,비금속 광물제품 제조업,1
2019,제주,사업 지원 서비스업,38
2019,제주,사업시설 관리 및 조경 서비스업,4
2019,제주,사회복지 서비스업,2
2019,제주,산업용 기계 및 장비 수리업,1
2019,제주,섬유제품 제조업; 의복 제외,2
2019,제주,소매업; 자동차 제외,24
2019,제주,숙박업,3
2019,제주,스포츠 및 오락관련 서비스업,4
2019,제주,식료품 제조업,23
2019,제주,어업,1
2019,제주,연구개발업,1
2019,제주,영상ㆍ오디오 기록물 제작 및 배급업,3
2019,제주,육상 운송 및 파이프라인 운송업,12
2019,제주,음식점 및 주점업,21
2019,제주,"의료, 정밀, 광학 기기 및 시계 제조업",2
2019,제주,의료용 물질 및 의약품 제조업,1
2019,제주,"의복, 의복 액세서리 및 모피제품 제조업",2
2019,제주,임대업; 부동산 제외,2
2019,제주,"전기, 가스, 증기 및 공기 조절 공급업",11
2019,제주,전기장비 제조업,2
2019,제주,전문 서비스업,11
2019,제주,전문직별 공사업,23
2019,제주,"전자 부품, 컴퓨터, 영상, 음향 및 통신장비 제조업",1
2019,제주,정보서비스업,1
2019,제주,종합 건설업,20
2019,제주,창고 및 운송관련 서비스업,4
2019,제주,"창작, 예술 및 여가관련 서비스업",6
2019,제주,출판업,15
2019,제주,"컴퓨터 프로그래밍, 시스템 통합 및 관리업",2
2019,제주,"폐기물 수집, 운반, 처리 및 원료 재생업",2
2019,제주,협회 및 단체,4
2019,제주,화학 물질 및 화학제품 제조업; 의약품 제외,3
2019,제주,환경 정화 및 복원업,1
2019,충남,1차 금속 제조업,6
2019,충남,가구 제조업,2
2019,충남,개인 및 소비용품 수리업,3
2019,충남,"건축 기술, 엔지니어링 및 기타 과학기술 서비스업",9
2019,충남,고무 및 플라스틱제품 제조업,10
2019,충남,교육 서비스업,14
2019,충남,금속 가공제품 제조업; 기계 및 가구 제외,10
2019,충남,금융 및 보험관련 서비스업,3
2019,충남,금융업,2
2019,충남,기타 개인 서비스업,6
2019,충남,기타 기계 및 장비 제조업,39
2019,충남,기타 운송장비 제조업,1
2019,충남,"기타 전문, 과학 및 기술 서비스업",7
2019,충남,기타 제품 제조업,15
2019,충남,농업,47
2019,충남,도매 및 상품 중개업,116
2019,충남,목재 및 나무제품 제조업; 가구 제외,5
2019,충남,방송업,1
2019,충남,부동산업,109
2019,충남,비금속 광물제품 제조업,7
2019,충남,비금속광물 광업; 연료용 제외,4
2019,충남,사업 지원 서비스업,34
2019,충남,사업시설 관리 및 조경 서비스업,10
2019,충남,사회복지 서비스업,5
2019,충남,산업용 기계 및 장비 수리업,1
2019,충남,섬유제품 제조업; 의복 제외,2
2019,충남,소매업; 자동차 제외,47
2019,충남,숙박업,4
2019,충남,스포츠 및 오락관련 서비스업,6
2019,충남,식료품 제조업,42
2019,충남,어업,3
2019,충남,연구개발업,9
2019,충남,영상ㆍ오디오 기록물 제작 및 배급업,17
2019,충남,육상 운송 및 파이프라인 운송업,13
2019,충남,음료 제조업,2
2019,충남,음식점 및 주점업,15
2019,충남,"의료, 정밀, 광학 기기 및 시계 제조업",9
2019,충남,"의복, 의복 액세서리 및 모피제품 제조업",2
2019,충남,인쇄 및 기록매체 복제업,4
2019,충남,임대업; 부동산 제외,14
2019,충남,임업,4
2019,충남,자동차 및 부품 판매업,4
2019,충남,자동차 및 트레일러 제조업,18
2019,충남,"전기, 가스, 증기 및 공기 조절 공급업",23
2019,충남,전기장비 제조업,11
2019,충남,전문 서비스업,37
2019,충남,전문직별 공사업,56
2019,충남,"전자 부품, 컴퓨터, 영상, 음향 및 통신장비 제조업",23
2019,충남,정보서비스업,7
2019,충남,종합 건설업,23
2019,충남,창고 및 운송관련 서비스업,13
2019,충남,"창작, 예술 및 여가관련 서비스업",5
2019,충남,출판업,25
2019,충남,"컴퓨터 프로그래밍, 시스템 통합 및 관리업",5
2019,충남,"펄프, 종이 및 종이제품 제조업",1
2019,충남,"폐기물 수집, 운반, 처리 및 원료 재생업",15
2019,충남,협회 및 단체,15
2019,충남,화학 물질 및 화학제품 제조업; 의약품 제외,8
2019,충북,1차 금속 제조업,3
2019,충북,가구 제조업,4
2019,충북,"가죽, 가방 및 신발 제조업",2
2019,충북,개인 및 소비용품 수리업,1
2019,충북,"건축 기술, 엔지니어링 및 기타 과학기술 서비스업",10
2019,충북,고무 및 플라스틱제품 제조업,4
2019,충북,교육 서비스업,8
2019,충북,금속 가공제품 제조업; 기계 및 가구 제외,17
2019,충북,금융 및 보험관련 서비스업,2
2019,충북,기타 개인 서비스업,4
2019,충북,기타 기계 및 장비 제조업,15
2019,충북,기타 운송장비 제조업,1
2019,충북,"기타 전문, 과학 및 기술 서비스업",4
2019,충북,기타 제품 제조업,9
2019,충북,농업,27
2019,충북,도매 및 상품 중개업,90
2019,충북,목재 및 나무제품 제조업; 가구 제외,6
2019,충북,방송업,1
2019,충북,부동산업,57
2019,충북,비금속 광물제품 제조업,10
2019,충북,비금속광물 광업; 연료용 제외,3
2019,충북,사업 지원 서비스업,26
2019,충북,사업시설 관리 및 조경 서비스업,3
2019,충북,사회복지 서비스업,1
2019,충북,섬유제품 제조업; 의복 제외,1
2019,충북,소매업; 자동차 제외,26
2019,충북,숙박업,1
2019,충북,스포츠 및 오락관련 서비스업,5
2019,충북,식료품 제조업,32
2019,충북,연구개발업,4
2019,충북,영상ㆍ오디오 기록물 제작 및 배급업,4
2019,충북,육상 운송 및 파이프라인 운송업,10
2019,충북,음료 제조업,4
2019,충북,음식점 및 주점업,13
2019,충북,"의료, 정밀, 광학 기기 및 시계 제조업",4
2019,충북,"의복, 의복 액세서리 및 모피제품 제조업",5
2019,충북,임대업; 부동산 제외,4
2019,충북,임업,1
2019,충북,자동차 및 부품 판매업,3
2019,충북,자동차 및 트레일러 제조업,5
2019,충북,"전기, 가스, 증기 및 공기 조절 공급업",9
2019,충북,전기장비 제조업,7
2019,충북,전문 서비스업,31
2019,충북,전문직별 공사업,44
2019,충북,"전자 부품, 컴퓨터, 영상, 음향 및 통신장비 제조업",8
2019,충북,정보서비스업,2
2019,충북,종합 건설업,21
2019,충북,창고 및 운송관련 서비스업,10
2019,충북,"창작, 예술 및 여가관련 서비스업",3
2019,충북,출판업,17
2019,충북,"컴퓨터 프로그래밍, 시스템 통합 및 관리업",4
2019,충북,"펄프, 종이 및 종이제품 제조업",2
2019,충북,"폐기물 수집, 운반, 처리 및 원료 재생업",5
2019,충북,"하수, 폐수 및 분뇨 처리업",2
2019,충북,협회 및 단체,9
2019,충북,화학 물질 및 화학제품 제조업; 의약품 제외,12
2020,강원,1차 금속 제조업,2
2020,강원,가구 제조업,2
2020,강원,"가죽, 가방 및 신발 제조업",1
2020,강원,개인 및 소비용품 수리업,1
2020,강원,"건축 기술, 엔지니어링 및 기타 과학기술 서비스업",11
2020,강원,교육 서비스업,5
2020,강원,금속 가공제품 제조업; 기계 및 가구 제외,3
2020,강원,금융 및 보험관련 서비스업,2
2020,강원,금융업,1
2020,강원,기타 개인 서비스업,2
2020,강원,기타 기계 및 장비 제조업,6
2020,강원,기타 운송장비 제조업,1
2020,강원,"기타 전문, 과학 및 기술 서비스업",9
2020,강원,기타 제품 제조업,10
2020,강원,농업,41
2020,강원,도매 및 상품 중개업,124
2020,강원,부동산업,62
2020,강원,비금속 광물제품 제조업,8
2020,강원,비금속광물 광업; 연료용 제외,6
2020,강원,사업 지원 서비스업,16
2020,강원,사업시설 관리 및 조경 서비스업,6
2020,강원,사회복지 서비스업,2
2020,강원,산업용 기계 및 장비 수리업,1
2020,강원,섬유제품 제조업; 의복 제외,1
2020,강원,소매업; 자동차 제외,41
2020,강원,수상 운송업,1
2020,강원,숙박업,6
2020,강원,스포츠 및 오락관련 서비스업,2
2020,강원,식료품 제조업,29
2020,강원,어업,1
2020,강원,연구개발업,3
2020,강원,영상ㆍ오디오 기록물 제작 및 배급업,7
2020,강원,우편 및 통신업,2
2020,강원,육상 운송 및 파이프라인 운송업,3
2020,강원,음료 제조업,2
2020,강원,음식점 및 주점업,12
2020,강원,"의료, 정밀, 광학 기기 및 시계 제조업",5
2020,강원,의료용 물질 및 의약품 제조업,5
2020,강원,"의복, 의복 액세서리 및 모피제품 제조업",4
2020,강원,임대업; 부동산 제외,6
2020,강원,임업,7
2020,강원,자동차 및 부품 판매업,8
2020,강원,자동차 및 트레일러 제조업,2
2020,강원,"전기, 가스, 증기 및 공기 조절 공급업",20
2020,강원,전기장비 제조업,1
2020,강원,전문 서비스업,21
2020,강원,전문직별 공사업,48
2020,강원,"전자 부품, 컴퓨터, 영상, 음향 및 통신장비 제조업",2
2020,강원,정보서비스업,4
2020,강원,종합 건설업,32
2020,강원,창고 및 운송관련 서비스업,2
2020,강원,"창작, 예술 및 여가관련 서비스업",2
2020,강원,출판업,21
2020,강원,"컴퓨터 프로그래밍, 시스템 통합 및 관리업",3
2020,강원,"펄프, 종이 및 종이제품 제조업",1
2020,강원,협회 및 단체,18
2020,강원,화학 물질 및 화학제품 제조업; 의약품 제외,6
2020,경기,1차 금속 제조업,47
2020,경기,가구 제조업,60
2020,경기,"가죽, 가방 및 신발 제조업",19
2020,경기,개인 및 소비용품 수리업,22
2020,경기,"건축 기술, 엔지니어링 및 기타 과학기술 서비스업",91
2020,경기,고무 및 플라스틱제품 제조업,65
2020,경기,광업 지원 서비스업,2
2020,경기,교육 서비스업,166
2020,경기,금속 가공제품 제조업; 기계 및 가구 제외,63
2020,경기,금속 광업,1
2020,경기,금융 및 보험관련 서비스업,75
2020,경기,금융업,44
2020,경기,기타 개인 서비스업,37
2020,경기,기타 기계 및 장비 제조업,218
2020,경기,기타 운송장비 제조업,12
2020,경기,"기타 전문, 과학 및 기술 서비스업",130
2020,경기,기타 제품 제조업,129
2020,경기,농업,95
2020,경기,도매 및 상품 중개업,2154
2020,경기,목재 및 나무제품 제조업; 가구 제외,8
2020,경기,방송업,12
2020,경기,보건업,3
2020,경기,부동산업,1391
2020,경기,비금속 광물제품 제조업,17
2020,경기,비금속광물 광업; 연료용 제외,3
2020,경기,사업 지원 서비스업,313
2020,경기,사업시설 관리 및 조경 서비스업,88
2020,경기,사회복지 서비스업,24
2020,경기,산업용 기계 및 장비 수리업,2
2020,경기,"석탄, 원유 및 천연가스 광업",1
2020,경기,섬유제품 제조업; 의복 제외,64
2020,경기,소매업; 자동차 제외,894
2020,경기,수상 운송업,1
2020,경기,숙박업,22
2020,경기,스포츠 및 오락관련 서비스업,64
2020,경기,식료품 제조업,274
2020,경기,어업,4
2020,경기,연구개발업,40
2020,경기,영상ㆍ오디오 기록물 제작 및 배급업,94
2020,경기,우편 및 통신업,12
2020,경기,육상 운송 및 파이프라인 운송업,75
2020,경기,음료 제조업,13
2020,경기,음식점 및 주점업,157
2020,경기,"의료, 정밀, 광학 기기 및 시계 제조업",66
2020,경기,의료용 물질 및 의약품 제조업,102
2020,경기,"의복, 의복 액세서리 및 모피제품 제조업",90
2020,경기,인쇄 및 기록매체 복제업,17
2020,경기,임대업; 부동산 제외,62
2020,경기,임업,1
2020,경기,자동차 및 부품 판매업,122
2020,경기,자동차 및 트레일러 제조업,58
2020,경기,"전기, 가스, 증기 및 공기 조절 공급업",35
2020,경기,전기장비 제조업,120
2020,경기,전문 서비스업,612
2020,경기,전문직별 공사업,274
2020,경기,"전자 부품, 컴퓨터, 영상, 음향 및 통신장비 제조업",280
2020,경기,정보서비스업,181
2020,경기,종합 건설업,239
2020,경기,창고 및 운송관련 서비스업,77
2020,경기,"창작, 예술 및 여가관련 서비스업",27
2020,경기,출판업,566
2020,경기,"컴퓨터 프로그래밍, 시스템 통합 및 관리업",65
2020,경기,"코크스, 연탄 및 석유정제품 제조업",1
2020,경기,"펄프, 종이 및 종이제품 제조업",33
2020,경기,"폐기물 수집, 운반, 처리 및 원료 재생업",31
2020,경기,협회 및 단체,51
2020,경기,화학 물질 및 화학제품 제조업; 의약품 제외,144
2020,경남,1차 금속 제조업,7
2020,경남,가구 제조업,8
2020,경남,개인 및 소비용품 수리업,1
2020,경남,"건축 기술, 엔지니어링 및 기타 과학기술 서비스업",13
2020,경남,고무 및 플라스틱제품 제조업,7
2020,경남,교육 서비스업,25
2020,경남,금속 가공제품 제조업; 기계 및 가구 제외,21
2020,경남,금융 및 보험관련 서비스업,4
2020,경남,금융업,7
2020,경남,기타 개인 서비스업,4
2020,경남,기타 기계 및 장비 제조업,38
2020,경남,기타 운송장비 제조업,32
2020,경남,"기타 전문, 과학 및 기술 서비스업",9
2020,경남,기타 제품 제조업,14
2020,경남,농업,44
2020,경남,도매 및 상품 중개업,167
2020,경남,목재 및 나무제품 제조업; 가구 제외,4
2020,경남,방송업,1
2020,경남,보건업,1
2020,경남,부동산업,123
2020,경남,비금속 광물제품 제조업,2
2020,경남,비금속광물 광업; 연료용 제외,2
2020,경남,사업 지원 서비스업,21
2020,경남,사업시설 관리 및 조경 서비스업,15
2020,경남,사회복지 서비스업,4
2020,경남,산업용 기계 및 장비 수리업,1
2020,경남,섬유제품 제조업; 의복 제외,4
2020,경남,소매업; 자동차 제외,66
2020,경남,숙박업,6
2020,경남,스포츠 및 오락관련 서비스업,16
2020,경남,식료품 제조업,27
2020,경남,어업,3
2020,경남,연구개발업,7
2020,경남,영상ㆍ오디오 기록물 제작 및 배급업,6
2020,경남,우편 및 통신업,1
2020,경남,육상 운송 및 파이프라인 운송업,11
2020,경남,음료 제조업,1
2020,경남,음식점 및 주점업,26
2020,경남,"의료, 정밀, 광학 기기 및 시계 제조업",11
2020,경남,의료용 물질 및 의약품 제조업,9
2020,경남,"의복, 의복 액세서리 및 모피제품 제조업",2
2020,경남,인쇄 및 기록매체 복제업,1
2020,경남,임대업; 부동산 제외,13
2020,경남,임업,6
2020,경남,자동차 및 부품 판매업,9
2020,경남,자동차 및 트레일러 제조업,12
2020,경남,"전기, 가스, 증기 및 공기 조절 공급업",9
2020,경남,전기장비 제조업,14
2020,경남,전문 서비스업,32
2020,경남,전문직별 공사업,82
2020,경남,"전자 부품, 컴퓨터, 영상, 음향 및 통신장비 제조업",12
2020,경남,정보서비스업,8
2020,경남,종합 건설업,43
2020,경남,창고 및 운송관련 서비스업,6
2020,경남,"창작, 예술 및 여가관련 서비스업",4
2020,경남,출판업,32
2020,경남,"컴퓨터 프로그래밍, 시스템 통합 및 관리업",4
2020,경남,"코크스, 연탄 및 석유정제품 제조업",1
2020,경남,"펄프, 종이 및 종이제품 제조업",6
2020,경남,"폐기물 수집, 운반, 처리 및 원료 재생업",9
2020,경남,협회 및 단체,24
2020,경남,화학 물질 및 화학제품 제조업; 의약품 제외,6
2020,경북,1차 금속 제조업,2
2020,경북,가구 제조업,1
2020,경북,개인 및 소비용품 수리업,4
2020,경북,"건축 기술, 엔지니어링 및 기타 과학기술 서비스업",12
2020,경북,고무 및 플라스틱제품 제조업,5
2020,경북,교육 서비스업,11
2020,경북,금속 가공제품 제조업; 기계 및 가구 제외,6
2020,경북,금융 및 보험관련 서비스업,2
2020,경북,금융업,3
2020,경북,기타 개인 서비스업,2
2020,경북,기타 기계 및 장비 제조업,29
2020,경북,기타 운송장비 제조업,2
2020,경북,"기타 전문, 과학 및 기술 서비스업",13
2020,경북,기타 제품 제조업,14
2020,경북,농업,62
2020,경북,도매 및 상품 중개업,145
2020,경북,목재 및 나무제품 제조업; 가구 제외,2
2020,경북,보건업,2
2020,경북,부동산업,104
2020,경북,비금속 광물제품 제조업,4
2020,경북,비금속광물 광업; 연료용 제외,6
2020,경북,사업 지원 서비스업,25
2020,경북,사업시설 관리 및 조경 서비스업,17
2020,경북,사회복지 서비스업,4
2020,경북,섬유제품 제조업; 의복 제외,13
2020,경북,소매업; 자동차 제외,56
2020,경북,숙박업,7
2020,경북,스포츠 및 오락관련 서비스업,7
2020,경북,식료품 제조업,51
2020,경북,어업,2
2020,경북,연구개발업,6
2020,경북,영상ㆍ오디오 기록물 제작 및 배급업,7
2020,경북,우편 및 통신업,4
2020,경북,육상 운송 및 파이프라인 운송업,5
2020,경북,음료 제조업,6
2020,경북,음식점 및 주점업,9
2020,경북,"의료, 정밀, 광학 기기 및 시계 제조업",8
2020,경북,의료용 물질 및 의약품 제조업,16
2020,경북,"의복, 의복 액세서리 및 모피제품 제조업",2
2020,경북,임대업; 부동산 제외,13
2020,경북,임업,4
2020,경북,자동차 및 부품 판매업,10
2020,경북,자동차 및 트레일러 제조업,16
2020,경북,"전기, 가스, 증기 및 공기 조절 공급업",30
2020,경북,전기장비 제조업,8
2020,경북,전문 서비스업,43
2020,경북,전문직별 공사업,60
2020,경북,"전자 부품, 컴퓨터, 영상, 음향 및 통신장비 제조업",25
2020,경북,정보서비스업,1
2020,경북,종합 건설업,30
2020,경북,창고 및 운송관련 서비스업,3
2020,경북,"창작, 예술 및 여가관련 서비스업",4
2020,경북,출판업,28
2020,경북,"컴퓨터 프로그래밍, 시스템 통합 및 관리업",2
2020,경북,"펄프, 종이 및 종이제품 제조업",5
2020,경북,"폐기물 수집, 운반, 처리 및 원료 재생업",10
2020,경북,협회 및 단체,24
2020,경북,화학 물질 및 화학제품 제조업; 의약품 제외,15
2020,경북,환경 정화 및 복원업,1
2020,광주,1차 금속 제조업,1
2020,광주,개인 및 소비용품 수리업,2
2020,광주,"건축 기술, 엔지니어링 및 기타 과학기술 서비스업",6
2020,광주,고무 및 플라스틱제품 제조업,7
2020,광주,교육 서비스업,13
2020,광주,금속 가공제품 제조업; 기계 및 가구 제외,7
2020,광주,금융 및 보험관련 서비스업,13
2020,광주,금융업,3
2020,광주,기타 개인 서비스업,1
2020,광주,기타 기계 및 장비 제조업,12
2020,광주,기타 운송장비 제조업,2
2020,광주,"기타 전문, 과학 및 기술 서비스업",18
2020,광주,기타 제품 제조업,11
2020,광주,농업,44
2020,광주,도매 및 상품 중개업,242
2020,광주,목재 및 나무제품 제조업; 가구 제외,2
2020,광주,방송업,1
2020,광주,보건업,3
2020,광주,부동산업,134
2020,광주,비금속 광물제품 제조업,6
2020,광주,사업 지원 서비스업,18
2020,광주,사업시설 관리 및 조경 서비스업,11
2020,광주,산업용 기계 및 장비 수리업,1
2020,광주,섬유제품 제조업; 의복 제외,5
2020,광주,소매업; 자동차 제외,135
2020,광주,숙박업,3
2020,광주,스포츠 및 오락관련 서비스업,7
2020,광주,식료품 제조업,31
2020,광주,연구개발업,3
2020,광주,영상ㆍ오디오 기록물 제작 및 배급업,2
2020,광주,우편 및 통신업,1
2020,광주,육상 운송 및 파이프라인 운송업,11
2020,광주,음료 제조업,1
2020,광주,음식점 및 주점업,29
2020,광주,"의료, 정밀, 광학 기기 및 시계 제조업",4
2020,광주,의료용 물질 및 의약품 제조업,4
2020,광주,"의복, 의복 액세서리 및 모피제품 제조업",5
2020,광주,인쇄 및 기록매체 복제업,2
2020,광주,임대업; 부동산 제외,4
2020,광주,자동차 및 부품 판매업,16
2020,광주,자동차 및 트레일러 제조업,9
2020,광주,"전기, 가스, 증기 및 공기 조절 공급업",28
2020,광주,전기장비 제조업,11
2020,광주,전문 서비스업,48
2020,광주,전문직별 공사업,88
2020,광주,"전자 부품, 컴퓨터, 영상, 음향 및 통신장비 제조업",19
2020,광주,정보서비스업,5
2020,광주,종합 건설업,54
2020,광주,"창작, 예술 및 여가관련 서비스업",3
2020,광주,출판업,31
2020,광주,"컴퓨터 프로그래밍, 시스템 통합 및 관리업",6
2020,광주,"폐기물 수집, 운반, 처리 및 원료 재생업",3
2020,광주,협회 및 단체,13
2020,광주,화학 물질 및 화학제품 제조업; 의약품 제외,2
2020,대구,1차 금속 제조업,4
2020,대구,가구 제조업,1
2020,대구,"가죽, 가방 및 신발 제조업",1
2020,대구,개인 및 소비용품 수리업,4
2020,대구,"건축 기술, 엔지니어링 및 기타 과학기술 서비스업",8
2020,대구,고무 및 플라스틱제품 제조업,2
2020,대구,교육 서비스업,27
2020,대구,금속 가공제품 제조업; 기계 및 가구 제외,6
2020,대구,금융 및 보험관련 서비스업,8
2020,대구,금융업,10
2020,대구,기타 개인 서비스업,4
2020,대구,기타 기계 및 장비 제조업,12
2020,대구,"기타 전문, 과학 및 기술 서비스업",8
2020,대구,기타 제품 제조업,14
2020,대구,농업,4
2020,대구,도매 및 상품 중개업,214
2020,대구,목재 및 나무제품 제조업; 가구 제외,1
2020,대구,부동산업,181
2020,대구,사업 지원 서비스업,24
2020,대구,사업시설 관리 및 조경 서비스업,10
2020,대구,사회복지 서비스업,4
2020,대구,섬유제품 제조업; 의복 제외,14
2020,대구,소매업; 자동차 제외,91
2020,대구,숙박업,1
2020,대구,스포츠 및 오락관련 서비스업,5
2020,대구,식료품 제조업,39
2020,대구,어업,1
2020,대구,연구개발업,7
2020,대구,영상ㆍ오디오 기록물 제작 및 배급업,8
2020,대구,우편 및 통신업,2
2020,대구,육상 운송 및 파이프라인 운송업,10
2020,대구,음식점 및 주점업,12
2020,대구,"의료, 정밀, 광학 기기 및 시계 제조업",2
2020,대구,의료용 물질 및 의약품 제조업,8
2020,대구,"의복, 의복 액세서리 및 모피제품 제조업",4
2020,대구,인쇄 및 기록매체 복제업,1
2020,대구,임대업; 부동산 제외,4
2020,대구,자동차 및 부품 판매업,10
2020,대구,자동차 및 트레일러 제조업,8
2020,대구,"전기, 가스, 증기 및 공기 조절 공급업",7
2020,대구,전기장비 제조업,6
2020,대구,전문 서비스업,71
2020,대구,전문직별 공사업,35
2020,대구,"전자 부품, 컴퓨터, 영상, 음향 및 통신장비 제조업",5
2020,대구,정보서비스업,12
2020,대구,종합 건설업,27
2020,대구,창고 및 운송관련 서비스업,2
2020,대구,"창작, 예술 및 여가관련 서비스업",4
2020,대구,출판업,53
2020,대구,"컴퓨터 프로그래밍, 시스템 통합 및 관리업",2
2020,대구,"펄프, 종이 및 종이제품 제조업",6
2020,대구,"폐기물 수집, 운반, 처리 및 원료 재생업",7
2020,대구,협회 및 단체,12
2020,대구,화학 물질 및 화학제품 제조업; 의약품 제외,6
2020,대전,가구 제조업,1
2020,대전,개인 및 소비용품 수리업,1
2020,대전,"건축 기술, 엔지니어링 및 기타 과학기술 서비스업",10
2020,대전,고무 및 플라스틱제품 제조업,1
2020,대전,교육 서비스업,15
2020,대전,금속 가공제품 제조업; 기계 및 가구 제외,5
2020,대전,금융 및 보험관련 서비스업,4
2020,대전,금융업,7
2020,대전,기타 개인 서비스업,7
2020,대전,기타 기계 및 장비 제조업,18
2020,대전,기타 운송장비 제조업,1
2020,대전,"기타 전문, 과학 및 기술 서비스업",16
2020,대전,기타 제품 제조업,17
2020,대전,농업,6
2020,대전,도매 및 상품 중개업,136
2020,대전,목재 및 나무제품 제조업; 가구 제외,2
2020,대전,방송업,2
2020,대전,보험 및 연금업,1
2020,대전,부동산업,131
2020,대전,비금속 광물제품 제조업,3
2020,대전,비금속광물 광업; 연료용 제외,1
2020,대전,사업 지원 서비스업,15
2020,대전,사업시설 관리 및 조경 서비스업,6
2020,대전,사회복지 서비스업,2
2020,대전,산업용 기계 및 장비 수리업,1
2020,대전,섬유제품 제조업; 의복 제외,1
2020,대전,소매업; 자동차 제외,83
2020,대전,숙박업,3
2020,대전,스포츠 및 오락관련 서비스업,4
2020,대전,식료품 제조업,27
2020,대전,어업,1
2020,대전,연구개발업,9
2020,대전,영상ㆍ오디오 기록물 제작 및 배급업,10
2020,대전,우편 및 통신업,1
2020,대전,육상 운송 및 파이프라인 운송업,7
2020,대전,음식점 및 주점업,15
2020,대전,"의료, 정밀, 광학 기기 및 시계 제조업",11
2020,대전,의료용 물질 및 의약품 제조업,3
2020,대전,"의복, 의복 액세서리 및 모피제품 제조업",5
2020,대전,인쇄 및 기록매체 복제업,1
2020,대전,임대업; 부동산 제외,6
2020,대전,자동차 및 부품 판매업,16
2020,대전,"전기, 가스, 증기 및 공기 조절 공급업",34
2020,대전,전기장비 제조업,7
2020,대전,전문 서비스업,44
2020,대전,전문직별 공사업,36
2020,대전,"전자 부품, 컴퓨터, 영상, 음향 및 통신장비 제조업",10
2020,대전,정보서비스업,21
2020,대전,종합 건설업,20
2020,대전,창고 및 운송관련 서비스업,5
2020,대전,"창작, 예술 및 여가관련 서비스업",8
2020,대전,출판업,61
2020,대전,"컴퓨터 프로그래밍, 시스템 통합 및 관리업",10
2020,대전,"펄프, 종이 및 종이제품 제조업",1
2020,대전,"폐기물 수집, 운반, 처리 및 원료 재생업",2
2020,대전,"하수, 폐수 및 분뇨 처리업",1
2020,대전,협회 및 단체,9
2020,대전,화학 물질 및 화학제품 제조업; 의약품 제외,10
2020,대전,환경 정화 및 복원업,1
2020,부산,1차 금속 제조업,6
2020,부산,가구 제조업,8
2020,부산,"가죽, 가방 및 신발 제조업",7
2020,부산,개인 및 소비용품 수리업,3
2020,부산,"건축 기술, 엔지니어링 및 기타 과학기술 서비스업",10
2020,부산,고무 및 플라스틱제품 제조업,3
2020,부산,교육 서비스업,24
2020,부산,금속 가공제품 제조업; 기계 및 가구 제외,17
2020,부산,금융 및 보험관련 서비스업,14
2020,부산,금융업,6
2020,부산,기타 개인 서비스업,8
2020,부산,기타 기계 및 장비 제조업,23
2020,부산,기타 운송장비 제조업,15
2020,부산,"기타 전문, 과학 및 기술 서비스업",17
2020,부산,기타 제품 제조업,22
2020,부산,농업,8
2020,부산,도매 및 상품 중개업,376
2020,부산,방송업,1
2020,부산,부동산업,259
2020,부산,비금속 광물제품 제조업,3
2020,부산,비금속광물 광업; 연료용 제외,2
2020,부산,사업 지원 서비스업,28
2020,부산,사업시설 관리 및 조경 서비스업,10
2020,부산,사회복지 서비스업,6
2020,부산,산업용 기계 및 장비 수리업,4
2020,부산,섬유제품 제조업; 의복 제외,6
2020,부산,소매업; 자동차 제외,165
2020,부산,수상 운송업,4
2020,부산,숙박업,9
2020,부산,스포츠 및 오락관련 서비스업,8
2020,부산,식료품 제조업,54
2020,부산,어업,1
2020,부산,연구개발업,7
2020,부산,영상ㆍ오디오 기록물 제작 및 배급업,12
2020,부산,우편 및 통신업,1
2020,부산,육상 운송 및 파이프라인 운송업,19
2020,부산,음료 제조업,2
2020,부산,음식점 및 주점업,28
2020,부산,"의료, 정밀, 광학 기기 및 시계 제조업",12
2020,부산,의료용 물질 및 의약품 제조업,7
2020,부산,"의복, 의복 액세서리 및 모피제품 제조업",18
2020,부산,인쇄 및 기록매체 복제업,4
2020,부산,임대업; 부동산 제외,14
2020,부산,임업,1
2020,부산,자동차 및 부품 판매업,15
2020,부산,자동차 및 트레일러 제조업,8
2020,부산,"전기, 가스, 증기 및 공기 조절 공급업",10
2020,부산,전기장비 제조업,12
2020,부산,전문 서비스업,138
2020,부산,전문직별 공사업,114
2020,부산,"전자 부품, 컴퓨터, 영상, 음향 및 통신장비 제조업",8
2020,부산,정보서비스업,31
2020,부산,종합 건설업,57
2020,부산,창고 및 운송관련 서비스업,10
2020,부산,"창작, 예술 및 여가관련 서비스업",4
2020,부산,출판업,75
2020,부산,"컴퓨터 프로그래밍, 시스템 통합 및 관리업",17
2020,부산,"펄프, 종이 및 종이제품 제조업",2
2020,부산,"폐기물 수집, 운반, 처리 및 원료 재생업",5
2020,부산,협회 및 단체,11
2020,부산,화학 물질 및 화학제품 제조업; 의약품 제외,12
2020,서울,1차 금속 제조업,3
2020,서울,가구 제조업,14
2020,서울,"가죽, 가방 및 신발 제조업",38
2020,서울,개인 및 소비용품 수리업,20
2020,서울,"건축 기술, 엔지니어링 및 기타 과학기술 서비스업",80
2020,서울,고무 및 플라스틱제품 제조업,21
2020,서울,광업 지원 서비스업,1
2020,서울,교육 서비스업,255
2020,서울,금속 가공제품 제조업; 기계 및 가구 제외,6
2020,서울,금융 및 보험관련 서비스업,715
2020,서울,금융업,971
2020,서울,기타 개인 서비스업,39
2020,서울,기타 기계 및 장비 제조업,48
2020,서울,기타 운송장비 제조업,7
2020,서울,"기타 전문, 과학 및 기술 서비스업",355
2020,서울,기타 제품 제조업,109
2020,서울,농업,30
2020,서울,도매 및 상품 중개업,2318
2020,서울,목재 및 나무제품 제조업; 가구 제외,1
2020,서울,방송업,16
2020,서울,보건업,4
2020,서울,부동산업,598
2020,서울,비금속 광물제품 제조업,6
2020,서울,비금속광물 광업; 연료용 제외,1
2020,서울,사업 지원 서비스업,224
2020,서울,사업시설 관리 및 조경 서비스업,45
2020,서울,사회복지 서비스업,18
2020,서울,산업용 기계 및 장비 수리업,4
2020,서울,섬유제품 제조업; 의복 제외,41
2020,서울,소매업; 자동차 제외,1077
2020,서울,숙박업,17
2020,서울,스포츠 및 오락관련 서비스업,48
2020,서울,식료품 제조업,197
2020,서울,연구개발업,58
2020,서울,영상ㆍ오디오 기록물 제작 및 배급업,314
2020,서울,우편 및 통신업,13
2020,서울,육상 운송 및 파이프라인 운송업,40
2020,서울,음료 제조업,8
2020,서울,음식점 및 주점업,281
2020,서울,"의료, 정밀, 광학 기기 및 시계 제조업",52
2020,서울,의료용 물질 및 의약품 제조업,38
2020,서울,"의복, 의복 액세서리 및 모피제품 제조업",246
2020,서울,인쇄 및 기록매체 복제업,13
2020,서울,임대업; 부동산 제외,27
2020,서울,임업,2
2020,서울,자동차 및 부품 판매업,78
2020,서울,자동차 및 트레일러 제조업,17
2020,서울,"전기, 가스, 증기 및 공기 조절 공급업",23
2020,서울,전기장비 제조업,40
2020,서울,전문 서비스업,1172
2020,서울,전문직별 공사업,178
2020,서울,"전자 부품, 컴퓨터, 영상, 음향 및 통신장비 제조업",53
2020,서울,정보서비스업,326
2020,서울,종합 건설업,120
2020,서울,창고 및 운송관련 서비스업,53
2020,서울,"창작, 예술 및 여가관련 서비스업",67
2020,서울,출판업,1347
2020,서울,"컴퓨터 프로그래밍, 시스템 통합 및 관리업",101
2020,서울,"펄프, 종이 및 종이제품 제조업",11
2020,서울,"폐기물 수집, 운반, 처리 및 원료 재생업",12
2020,서울,항공 운송업,1
2020,서울,협회 및 단체,80
2020,서울,화학 물질 및 화학제품 제조업; 의약품 제외,178
2020,서울,환경 정화 및 복원업,1
2020,세종,"건축 기술, 엔지니어링 및 기타 과학기술 서비스업",3
2020,세종,고무 및 플라스틱제품 제조업,1
2020,세종,교육 서비스업,7
2020,세종,금속 가공제품 제조업; 기계 및 가구 제외,2
2020,세종,금융 및 보험관련 서비스업,1
2020,세종,기타 개인 서비스업,1
2020,세종,기타 기계 및 장비 제조업,4
2020,세종,"기타 전문, 과학 및 기술 서비스업",5
2020,세종,기타 제품 제조업,3
2020,세종,농업,4
2020,세종,도매 및 상품 중개업,26
2020,세종,방송업,1
2020,세종,부동산업,52
2020,세종,비금속 광물제품 제조업,1
2020,세종,비금속광물 광업; 연료용 제외,2
2020,세종,사업 지원 서비스업,6
2020,세종,섬유제품 제조업; 의복 제외,1
2020,세종,소매업; 자동차 제외,13
2020,세종,스포츠 및 오락관련 서비스업,1
2020,세종,식료품 제조업,9
2020,세종,연구개발업,2
2020,세종,영상ㆍ오디오 기록물 제작 및 배급업,1
2020,세종,육상 운송 및 파이프라인 운송업,3
2020,세종,음료 제조업,1
2020,세종,음식점 및 주점업,5
2020,세종,"의료, 정밀, 광학 기기 및 시계 제조업",3
2020,세종,임대업; 부동산 제외,1
2020,세종,자동차 및 부품 판매업,1
2020,세종,"전기, 가스, 증기 및 공기 조절 공급업",3
2020,세종,전기장비 제조업,2
2020,세종,전문 서비스업,13
2020,세종,전문직별 공사업,6
2020,세종,"전자 부품, 컴퓨터, 영상, 음향 및 통신장비 제조업",1
2020,세종,정보서비스업,2
2020,세종,종합 건설업,4
2020,세종,창고 및 운송관련 서비스업,1
2020,세종,"창작, 예술 및 여가관련 서비스업",1
2020,세종,출판업,19
2020,세종,"펄프, 종이 및 종이제품 제조업",1
2020,세종,"폐기물 수집, 운반, 처리 및 원료 재생업",1
2020,세종,협회 및 단체,2
2020,세종,화학 물질 및 화학제품 제조업; 의약품 제외,1
2020,울산,1차 금속 제조업,2
2020,울산,"건축 기술, 엔지니어링 및 기타 과학기술 서비스업",5
2020,울산,고무 및 플라스틱제품 제조업,1
2020,울산,교육 서비스업,9
2020,울산,금속 가공제품 제조업; 기계 및 가구 제외,2
2020,울산,금융업,5
2020,울산,기타 개인 서비스업,4
2020,울산,기타 기계 및 장비 제조업,9
2020,울산,기타 운송장비 제조업,17
2020,울산,"기타 전문, 과학 및 기술 서비스업",2
2020,울산,기타 제품 제조업,3
2020,울산,농업,6
2020,울산,도매 및 상품 중개업,71
2020,울산,목재 및 나무제품 제조업; 가구 제외,1
2020,울산,방송업,1
2020,울산,부동산업,66
2020,울산,비금속광물 광업; 연료용 제외,1
2020,울산,사업 지원 서비스업,8
2020,울산,사업시설 관리 및 조경 서비스업,4
2020,울산,사회복지 서비스업,1
2020,울산,산업용 기계 및 장비 수리업,1
2020,울산,섬유제품 제조업; 의복 제외,4
2020,울산,소매업; 자동차 제외,20
2020,울산,스포츠 및 오락관련 서비스업,5
2020,울산,식료품 제조업,6
2020,울산,연구개발업,3
2020,울산,영상ㆍ오디오 기록물 제작 및 배급업,2
2020,울산,우편 및 통신업,3
2020,울산,육상 운송 및 파이프라인 운송업,1
2020,울산,음식점 및 주점업,7
2020,울산,"의료, 정밀, 광학 기기 및 시계 제조업",2
2020,울산,의료용 물질 및 의약품 제조업,2
2020,울산,"의복, 의복 액세서리 및 모피제품 제조업",2
2020,울산,임대업; 부동산 제외,2
2020,울산,임업,1
2020,울산,자동차 및 부품 판매업,6
2020,울산,자동차 및 트레일러 제조업,6
2020,울산,"전기, 가스, 증기 및 공기 조절 공급업",3
2020,울산,전기장비 제조업,3
2020,울산,전문 서비스업,14
2020,울산,전문직별 공사업,24
2020,울산,"전자 부품, 컴퓨터, 영상, 음향 및 통신장비 제조업",3
2020,울산,정보서비스업,5
2020,울산,종합 건설업,9
2020,울산,창고 및 운송관련 서비스업,3
2020,울산,"창작, 예술 및 여가관련 서비스업",2
2020,울산,출판업,17
2020,울산,"컴퓨터 프로그래밍, 시스템 통합 및 관리업",1
2020,울산,"펄프, 종이 및 종이제품 제조업",1
2020,울산,"폐기물 수집, 운반, 처리 및 원료 재생업",2
2020,울산,협회 및 단체,3
2020,울산,화학 물질 및 화학제품 제조업; 의약품 제외,6
2020,인천,1차 금속 제조업,2
2020,인천,가구 제조업,9
2020,인천,"가죽, 가방 및 신발 제조업",2
2020,인천,개인 및 소비용품 수리업,8
2020,인천,"건축 기술, 엔지니어링 및 기타 과학기술 서비스업",11
2020,인천,고무 및 플라스틱제품 제조업,4
2020,인천,광업 지원 서비스업,1
2020,인천,교육 서비스업,22
2020,인천,금속 가공제품 제조업; 기계 및 가구 제외,16
2020,인천,금융 및 보험관련 서비스업,8
2020,인천,금융업,15
2020,인천,기타 개인 서비스업,4
2020,인천,기타 기계 및 장비 제조업,35
2020,인천,"기타 전문, 과학 및 기술 서비스업",17
2020,인천,기타 제품 제조업,18
2020,인천,농업,8
2020,인천,도매 및 상품 중개업,460
2020,인천,목재 및 나무제품 제조업; 가구 제외,3
2020,인천,보건업,1
2020,인천,보험 및 연금업,1
2020,인천,부동산업,192
2020,인천,비금속 광물제품 제조업,4
2020,인천,사업 지원 서비스업,74
2020,인천,사업시설 관리 및 조경 서비스업,8
2020,인천,사회복지 서비스업,2
2020,인천,산업용 기계 및 장비 수리업,1
2020,인천,섬유제품 제조업; 의복 제외,10
2020,인천,소매업; 자동차 제외,147
2020,인천,수상 운송업,2
2020,인천,숙박업,5
2020,인천,스포츠 및 오락관련 서비스업,18
2020,인천,식료품 제조업,42
2020,인천,연구개발업,14
2020,인천,영상ㆍ오디오 기록물 제작 및 배급업,13
2020,인천,육상 운송 및 파이프라인 운송업,15
2020,인천,음식점 및 주점업,30
2020,인천,"의료, 정밀, 광학 기기 및 시계 제조업",10
2020,인천,의료용 물질 및 의약품 제조업,22
2020,인천,"의복, 의복 액세서리 및 모피제품 제조업",17
2020,인천,인쇄 및 기록매체 복제업,2
2020,인천,임대업; 부동산 제외,14
2020,인천,임업,1
2020,인천,자동차 및 부품 판매업,35
2020,인천,자동차 및 트레일러 제조업,10
2020,인천,전기장비 제조업,23
2020,인천,전문 서비스업,73
2020,인천,전문직별 공사업,76
2020,인천,"전자 부품, 컴퓨터, 영상, 음향 및 통신장비 제조업",31
2020,인천,정보서비스업,21
2020,인천,종합 건설업,42
2020,인천,창고 및 운송관련 서비스업,30
2020,인천,"창작, 예술 및 여가관련 서비스업",8
2020,인천,출판업,71
2020,인천,"컴퓨터 프로그래밍, 시스템 통합 및 관리업",9
2020,인천,"펄프, 종이 및 종이제품 제조업",6
2020,인천,"폐기물 수집, 운반, 처리 및 원료 재생업",6
2020,인천,"하수, 폐수 및 분뇨 처리업",1
2020,인천,협회 및 단체,8
2020,인천,화학 물질 및 화학제품 제조업; 의약품 제외,27
2020,전남,1차 금속 제조업,3
2020,전남,가구 제조업,3
2020,전남,"가죽, 가방 및 신발 제조업",1
2020,전남,개인 및 소비용품 수리업,1
2020,전남,"건축 기술, 엔지니어링 및 기타 과학기술 서비스업",6
2020,전남,고무 및 플라스틱제품 제조업,3
2020,전남,교육 서비스업,6
2020,전남,금속 가공제품 제조업; 기계 및 가구 제외,9
2020,전남,금융 및 보험관련 서비스업,1
2020,전남,금융업,1
2020,전남,기타 개인 서비스업,3
2020,전남,기타 기계 및 장비 제조업,9
2020,전남,기타 운송장비 제조업,30
2020,전남,"기타 전문, 과학 및 기술 서비스업",10
2020,전남,기타 제품 제조업,10
2020,전남,농업,83
2020,전남,도매 및 상품 중개업,155
2020,전남,목재 및 나무제품 제조업; 가구 제외,3
2020,전남,방송업,5
2020,전남,보건업,1
2020,전남,부동산업,79
2020,전남,비금속 광물제품 제조업,8
2020,전남,비금속광물 광업; 연료용 제외,1
2020,전남,사업 지원 서비스업,10
2020,전남,사업시설 관리 및 조경 서비스업,8
2020,전남,사회복지 서비스업,3
2020,전남,산업용 기계 및 장비 수리업,4
2020,전남,섬유제품 제조업; 의복 제외,1
2020,전남,소매업; 자동차 제외,39
2020,전남,숙박업,5
2020,전남,스포츠 및 오락관련 서비스업,3
2020,전남,식료품 제조업,44
2020,전남,어업,8
2020,전남,연구개발업,3
2020,전남,영상ㆍ오디오 기록물 제작 및 배급업,1
2020,전남,육상 운송 및 파이프라인 운송업,11
2020,전남,음식점 및 주점업,8
2020,전남,"의료, 정밀, 광학 기기 및 시계 제조업",2
2020,전남,의료용 물질 및 의약품 제조업,1
2020,전남,"의복, 의복 액세서리 및 모피제품 제조업",2
2020,전남,임대업; 부동산 제외,13
2020,전남,임업,5
2020,전남,자동차 및 부품 판매업,3
2020,전남,자동차 및 트레일러 제조업,3
2020,전남,"전기, 가스, 증기 및 공기 조절 공급업",55
2020,전남,전기장비 제조업,11
2020,전남,전문 서비스업,19
2020,전남,전문직별 공사업,74
2020,전남,"전자 부품, 컴퓨터, 영상, 음향 및 통신장비 제조업",2
2020,전남,정보서비스업,1
2020,전남,종합 건설업,40
2020,전남,창고 및 운송관련 서비스업,8
2020,전남,"창작, 예술 및 여가관련 서비스업",3
2020,전남,출판업,19
2020,전남,"컴퓨터 프로그래밍, 시스템 통합 및 관리업",2
2020,전남,"펄프, 종이 및 종이제품 제조업",2
2020,전남,"폐기물 수집, 운반, 처리 및 원료 재생업",15
2020,전남,협회 및 단체,20
2020,전남,화학 물질 및 화학제품 제조업; 의약품 제외,8
2020,전북,1차 금속 제조업,1
2020,전북,가구 제조업,1
2020,전북,"가죽, 가방 및 신발 제조업",1
2020,전북,개인 및 소비용품 수리업,2
2020,전북,"건축 기술, 엔지니어링 및 기타 과학기술 서비스업",8
2020,전북,고무 및 플라스틱제품 제조업,5
2020,전북,교육 서비스업,13
2020,전북,금속 가공제품 제조업; 기계 및 가구 제외,7
2020,전북,금융 및 보험관련 서비스업,6
2020,전북,금융업,6
2020,전북,기타 개인 서비스업,7
2020,전북,기타 기계 및 장비 제조업,17
2020,전북,기타 운송장비 제조업,2
2020,전북,"기타 전문, 과학 및 기술 서비스업",13
2020,전북,기타 제품 제조업,7
2020,전북,농업,76
2020,전북,도매 및 상품 중개업,190
2020,전북,목재 및 나무제품 제조업; 가구 제외,1
2020,전북,방송업,1
2020,전북,부동산업,78
2020,전북,비금속 광물제품 제조업,7
2020,전북,비금속광물 광업; 연료용 제외,1
2020,전북,사업 지원 서비스업,13
2020,전북,사업시설 관리 및 조경 서비스업,3
2020,전북,사회복지 서비스업,3
2020,전북,섬유제품 제조업; 의복 제외,3
2020,전북,소매업; 자동차 제외,65
2020,전북,숙박업,3
2020,전북,스포츠 및 오락관련 서비스업,2
2020,전북,식료품 제조업,49
2020,전북,어업,4
2020,전북,연구개발업,8
2020,전북,영상ㆍ오디오 기록물 제작 및 배급업,8
2020,전북,우편 및 통신업,1
2020,전북,육상 운송 및 파이프라인 운송업,34
2020,전북,음료 제조업,1
2020,전북,음식점 및 주점업,10
2020,전북,"의료, 정밀, 광학 기기 및 시계 제조업",3
2020,전북,의료용 물질 및 의약품 제조업,6
2020,전북,"의복, 의복 액세서리 및 모피제품 제조업",5
2020,전북,임대업; 부동산 제외,7
2020,전북,임업,1
2020,전북,자동차 및 부품 판매업,4
2020,전북,자동차 및 트레일러 제조업,5
2020,전북,"전기, 가스, 증기 및 공기 조절 공급업",42
2020,전북,전기장비 제조업,10
2020,전북,전문 서비스업,106
2020,전북,전문직별 공사업,60
2020,전북,"전자 부품, 컴퓨터, 영상, 음향 및 통신장비 제조업",7
2020,전북,정보서비스업,10
2020,전북,종합 건설업,39
2020,전북,창고 및 운송관련 서비스업,1
2020,전북,"창작, 예술 및 여가관련 서비스업",7
2020,전북,출판업,22
2020,전북,"컴퓨터 프로그래밍, 시스템 통합 및 관리업",2
2020,전북,"펄프, 종이 및 종이제품 제조업",3
2020,전북,"폐기물 수집, 운반, 처리 및 원료 재생업",6
2020,전북,"하수, 폐수 및 분뇨 처리업",1
2020,전북,협회 및 단체,12
2020,전북,화학 물질 및 화학제품 제조업; 의약품 제외,12
2020,제주,개인 및 소비용품 수리업,1
2020,제주,"건축 기술, 엔지니어링 및 기타 과학기술 서비스업",2
2020,제주,교육 서비스업,6
2020,제주,금속 가공제품 제조업; 기계 및 가구 제외,4
2020,제주,금융업,5
2020,제주,기타 기계 및 장비 제조업,2
2020,제주,"기타 전문, 과학 및 기술 서비스업",7
2020,제주,기타 제품 제조업,3
2020,제주,농업,18
2020,제주,도매 및 상품 중개업,72
2020,제주,부동산업,39
2020,제주,비금속 광물제품 제조업,1
2020,제주,사업 지원 서비스업,11
2020,제주,사업시설 관리 및 조경 서비스업,2
2020,제주,사회복지 서비스업,2
2020,제주,산업용 기계 및 장비 수리업,1
2020,제주,섬유제품 제조업; 의복 제외,2
2020,제주,소매업; 자동차 제외,24
2020,제주,숙박업,9
2020,제주,스포츠 및 오락관련 서비스업,4
2020,제주,식료품 제조업,25
2020,제주,어업,2
2020,제주,영상ㆍ오디오 기록물 제작 및 배급업,2
2020,제주,육상 운송 및 파이프라인 운송업,5
2020,제주,음료 제조업,1
2020,제주,음식점 및 주점업,24
2020,제주,"의료, 정밀, 광학 기기 및 시계 제조업",1
2020,제주,"의복, 의복 액세서리 및 모피제품 제조업",1
2020,제주,임대업; 부동산 제외,1
2020,제주,임업,1
2020,제주,자동차 및 부품 판매업,3
2020,제주,"전기, 가스, 증기 및 공기 조절 공급업",2
2020,제주,전기장비 제조업,1
2020,제주,전문 서비스업,14
2020,제주,전문직별 공사업,26
2020,제주,"전자 부품, 컴퓨터, 영상, 음향 및 통신장비 제조업",2
2020,제주,정보서비스업,7
2020,제주,종합 건설업,17
2020,제주,창고 및 운송관련 서비스업,3
2020,제주,"창작, 예술 및 여가관련 서비스업",1
2020,제주,출판업,17
2020,제주,"컴퓨터 프로그래밍, 시스템 통합 및 관리업",1
2020,제주,"펄프, 종이 및 종이제품 제조업",1
2020,제주,"폐기물 수집, 운반, 처리 및 원료 재생업",5
2020,제주,협회 및 단체,6
2020,제주,화학 물질 및 화학제품 제조업; 의약품 제외,2
2020,충남,1차 금속 제조업,2
2020,충남,"가죽, 가방 및 신발 제조업",1
2020,충남,개인 및 소비용품 수리업,4
2020,충남,"건축 기술, 엔지니어링 및 기타 과학기술 서비스업",7
2020,충남,고무 및 플라스틱제품 제조업,8
2020,충남,교육 서비스업,9
2020,충남,금속 가공제품 제조업; 기계 및 가구 제외,17
2020,충남,금융 및 보험관련 서비스업,6
2020,충남,금융업,2
2020,충남,기타 개인 서비스업,10
2020,충남,기타 기계 및 장비 제조업,36
2020,충남,기타 운송장비 제조업,1
2020,충남,"기타 전문, 과학 및 기술 서비스업",15
2020,충남,기타 제품 제조업,11
2020,충남,농업,61
2020,충남,도매 및 상품 중개업,181
2020,충남,목재 및 나무제품 제조업; 가구 제외,1
2020,충남,방송업,1
2020,충남,보건업,1
2020,충남,부동산업,138
2020,충남,비금속 광물제품 제조업,7
2020,충남,비금속광물 광업; 연료용 제외,3
2020,충남,사업 지원 서비스업,32
2020,충남,사업시설 관리 및 조경 서비스업,12
2020,충남,사회복지 서비스업,5
2020,충남,섬유제품 제조업; 의복 제외,6
2020,충남,소매업; 자동차 제외,74
2020,충남,숙박업,2
2020,충남,스포츠 및 오락관련 서비스업,6
2020,충남,식료품 제조업,50
2020,충남,어업,1
2020,충남,연구개발업,6
2020,충남,영상ㆍ오디오 기록물 제작 및 배급업,13
2020,충남,우편 및 통신업,1
2020,충남,육상 운송 및 파이프라인 운송업,32
2020,충남,음료 제조업,2
2020,충남,음식점 및 주점업,16
2020,충남,"의료, 정밀, 광학 기기 및 시계 제조업",7
2020,충남,의료용 물질 및 의약품 제조업,14
2020,충남,"의복, 의복 액세서리 및 모피제품 제조업",6
2020,충남,인쇄 및 기록매체 복제업,1
2020,충남,임대업; 부동산 제외,17
2020,충남,임업,4
2020,충남,자동차 및 부품 판매업,6
2020,충남,자동차 및 트레일러 제조업,21
2020,충남,"전기, 가스, 증기 및 공기 조절 공급업",17
2020,충남,전기장비 제조업,3
2020,충남,전문 서비스업,111
2020,충남,전문직별 공사업,53
2020,충남,"전자 부품, 컴퓨터, 영상, 음향 및 통신장비 제조업",26
2020,충남,정보서비스업,8
2020,충남,종합 건설업,31
2020,충남,창고 및 운송관련 서비스업,7
2020,충남,"창작, 예술 및 여가관련 서비스업",3
2020,충남,출판업,41
2020,충남,"컴퓨터 프로그래밍, 시스템 통합 및 관리업",3
2020,충남,"펄프, 종이 및 종이제품 제조업",3
2020,충남,"폐기물 수집, 운반, 처리 및 원료 재생업",11
2020,충남,"하수, 폐수 및 분뇨 처리업",1
2020,충남,항공 운송업,1
2020,충남,협회 및 단체,16
2020,충남,화학 물질 및 화학제품 제조업; 의약품 제외,12
2020,충북,1차 금속 제조업,7
2020,충북,가구 제조업,1
2020,충북,개인 및 소비용품 수리업,3
2020,충북,"건축 기술, 엔지니어링 및 기타 과학기술 서비스업",6
2020,충북,고무 및 플라스틱제품 제조업,11
2020,충북,교육 서비스업,8
2020,충북,금속 가공제품 제조업; 기계 및 가구 제외,17
2020,충북,금속 광업,1
2020,충북,금융 및 보험관련 서비스업,3
2020,충북,금융업,2
2020,충북,기타 개인 서비스업,1
2020,충북,기타 기계 및 장비 제조업,15
2020,충북,기타 운송장비 제조업,1
2020,충북,"기타 전문, 과학 및 기술 서비스업",5
2020,충북,기타 제품 제조업,14
2020,충북,농업,40
2020,충북,도매 및 상품 중개업,114
2020,충북,목재 및 나무제품 제조업; 가구 제외,3
2020,충북,보건업,1
2020,충북,부동산업,89
2020,충북,비금속 광물제품 제조업,8
2020,충북,비금속광물 광업; 연료용 제외,1
2020,충북,사업 지원 서비스업,20
2020,충북,사업시설 관리 및 조경 서비스업,5
2020,충북,사회복지 서비스업,1
2020,충북,섬유제품 제조업; 의복 제외,2
2020,충북,소매업; 자동차 제외,41
2020,충북,숙박업,3
2020,충북,스포츠 및 오락관련 서비스업,5
2020,충북,식료품 제조업,33
2020,충북,연구개발업,3
2020,충북,영상ㆍ오디오 기록물 제작 및 배급업,5
2020,충북,우편 및 통신업,2
2020,충북,육상 운송 및 파이프라인 운송업,12
2020,충북,음식점 및 주점업,10
2020,충북,"의료, 정밀, 광학 기기 및 시계 제조업",3
2020,충북,의료용 물질 및 의약품 제조업,12
2020,충북,"의복, 의복 액세서리 및 모피제품 제조업",4
2020,충북,인쇄 및 기록매체 복제업,1
2020,충북,임대업; 부동산 제외,6
2020,충북,임업,4
2020,충북,자동차 및 부품 판매업,7
2020,충북,자동차 및 트레일러 제조업,7
2020,충북,"전기, 가스, 증기 및 공기 조절 공급업",18
2020,충북,전기장비 제조업,7
2020,충북,전문 서비스업,35
2020,충북,전문직별 공사업,47
2020,충북,"전자 부품, 컴퓨터, 영상, 음향 및 통신장비 제조업",11
2020,충북,정보서비스업,6
2020,충북,종합 건설업,31
2020,충북,창고 및 운송관련 서비스업,8
2020,충북,"창작, 예술 및 여가관련 서비스업",1
2020,충북,출판업,22
2020,충북,"펄프, 종이 및 종이제품 제조업",3
2020,충북,"폐기물 수집, 운반, 처리 및 원료 재생업",5
2020,충북,협회 및 단체,11
2020,충북,화학 물질 및 화학제품 제조업; 의약품 제외,16
