시도,업종코드_10차_변형,기업수,증가율,설립일자
강원,가구 제조업,1,0.0,2018
강원,"가죽, 가방 및 신발 제조업",1,0.0,2018
강원,개인 및 소비용품 수리업,2,0.0,2018
강원,"건축 기술, 엔지니어링 및 기타 과학기술 서비스업",9,0.0,2018
강원,고무 및 플라스틱제품 제조업,1,0.0,2018
강원,교육 서비스업,7,0.0,2018
강원,금속 가공제품 제조업; 기계 및 가구 제외,2,0.0,2018
강원,금융 및 보험관련 서비스업,4,0.0,2018
강원,금융업,4,0.0,2018
강원,기타 개인 서비스업,2,0.0,2018
강원,기타 기계 및 장비 제조업,5,0.0,2018
강원,"기타 전문, 과학 및 기술 서비스업",4,0.0,2018
강원,기타 제품 제조업,4,0.0,2018
강원,농업,9,0.0,2018
강원,도매 및 상품 중개업,118,0.0,2018
강원,부동산업,30,0.0,2018
강원,비금속 광물제품 제조업,4,0.0,2018
강원,비금속광물 광업; 연료용 제외,2,0.0,2018
강원,사업 지원 서비스업,17,0.0,2018
강원,사업시설 관리 및 조경 서비스업,4,0.0,2018
강원,사회복지 서비스업,4,0.0,2018
강원,섬유제품 제조업; 의복 제외,3,0.0,2018
강원,소매업; 자동차 제외,23,0.0,2018
강원,숙박업,6,0.0,2018
강원,스포츠 및 오락관련 서비스업,3,0.0,2018
강원,식료품 제조업,31,0.0,2018
강원,연구개발업,2,0.0,2018
강원,영상ㆍ오디오 기록물 제작 및 배급업,3,0.0,2018
강원,육상 운송 및 파이프라인 운송업,12,0.0,2018
강원,음료 제조업,2,0.0,2018
강원,음식점 및 주점업,7,0.0,2018
강원,"의료, 정밀, 광학 기기 및 시계 제조업",8,0.0,2018
강원,의료용 물질 및 의약품 제조업,2,0.0,2018
강원,"의복, 의복 액세서리 및 모피제품 제조업",3,0.0,2018
강원,임대업; 부동산 제외,8,0.0,2018
강원,임업,5,0.0,2018
강원,자동차 및 부품 판매업,1,0.0,2018
강원,자동차 및 트레일러 제조업,3,0.0,2018
강원,"전기, 가스, 증기 및 공기 조절 공급업",56,0.0,2018
강원,전기장비 제조업,2,0.0,2018
강원,전문 서비스업,20,0.0,2018
강원,전문직별 공사업,38,0.0,2018
강원,"전자 부품, 컴퓨터, 영상, 음향 및 통신장비 제조업",2,0.0,2018
강원,정보서비스업,5,0.0,2018
강원,종합 건설업,19,0.0,2018
강원,창고 및 운송관련 서비스업,3,0.0,2018
강원,"창작, 예술 및 여가관련 서비스업",6,0.0,2018
강원,출판업,13,0.0,2018
강원,"컴퓨터 프로그래밍, 시스템 통합 및 관리업",2,0.0,2018
강원,"폐기물 수집, 운반, 처리 및 원료 재생업",2,0.0,2018
강원,협회 및 단체,10,0.0,2018
강원,화학 물질 및 화학제품 제조업; 의약품 제외,7,0.0,2018
경기,1차 금속 제조업,30,0.0,2018
경기,가구 제조업,45,0.0,2018
경기,"가죽, 가방 및 신발 제조업",16,0.0,2018
경기,개인 및 소비용품 수리업,30,0.0,2018
경기,"건축 기술, 엔지니어링 및 기타 과학기술 서비스업",67,0.0,2018
경기,고무 및 플라스틱제품 제조업,67,0.0,2018
경기,교육 서비스업,106,0.0,2018
경기,금속 가공제품 제조업; 기계 및 가구 제외,84,0.0,2018
경기,금융 및 보험관련 서비스업,78,0.0,2018
경기,금융업,57,0.0,2018
경기,기타 개인 서비스업,28,0.0,2018
경기,기타 기계 및 장비 제조업,213,0.0,2018
경기,기타 운송장비 제조업,9,0.0,2018
경기,"기타 전문, 과학 및 기술 서비스업",75,0.0,2018
경기,기타 제품 제조업,71,0.0,2018
경기,농업,52,0.0,2018
경기,도매 및 상품 중개업,1701,0.0,2018
경기,목재 및 나무제품 제조업; 가구 제외,18,0.0,2018
경기,방송업,2,0.0,2018
경기,보건업,1,0.0,2018
경기,보험 및 연금업,3,0.0,2018
경기,부동산업,524,0.0,2018
경기,비금속 광물제품 제조업,36,0.0,2018
경기,비금속광물 광업; 연료용 제외,5,0.0,2018
경기,사업 지원 서비스업,308,0.0,2018
경기,사업시설 관리 및 조경 서비스업,48,0.0,2018
경기,사회복지 서비스업,16,0.0,2018
경기,산업용 기계 및 장비 수리업,4,0.0,2018
경기,섬유제품 제조업; 의복 제외,32,0.0,2018
경기,소매업; 자동차 제외,391,0.0,2018
경기,숙박업,7,0.0,2018
경기,스포츠 및 오락관련 서비스업,36,0.0,2018
경기,식료품 제조업,187,0.0,2018
경기,어업,1,0.0,2018
경기,연구개발업,34,0.0,2018
경기,영상ㆍ오디오 기록물 제작 및 배급업,44,0.0,2018
경기,우편 및 통신업,7,0.0,2018
경기,육상 운송 및 파이프라인 운송업,71,0.0,2018
경기,음료 제조업,10,0.0,2018
경기,음식점 및 주점업,121,0.0,2018
경기,"의료, 정밀, 광학 기기 및 시계 제조업",61,0.0,2018
경기,의료용 물질 및 의약품 제조업,12,0.0,2018
경기,"의복, 의복 액세서리 및 모피제품 제조업",62,0.0,2018
경기,인쇄 및 기록매체 복제업,20,0.0,2018
경기,임대업; 부동산 제외,35,0.0,2018
경기,임업,4,0.0,2018
경기,자동차 및 부품 판매업,104,0.0,2018
경기,자동차 및 트레일러 제조업,86,0.0,2018
경기,"전기, 가스, 증기 및 공기 조절 공급업",115,0.0,2018
경기,전기장비 제조업,83,0.0,2018
경기,전문 서비스업,296,0.0,2018
경기,전문직별 공사업,337,0.0,2018
경기,"전자 부품, 컴퓨터, 영상, 음향 및 통신장비 제조업",322,0.0,2018
경기,정보서비스업,86,0.0,2018
경기,종합 건설업,163,0.0,2018
경기,창고 및 운송관련 서비스업,59,0.0,2018
경기,"창작, 예술 및 여가관련 서비스업",28,0.0,2018
경기,출판업,389,0.0,2018
경기,"컴퓨터 프로그래밍, 시스템 통합 및 관리업",31,0.0,2018
경기,"펄프, 종이 및 종이제품 제조업",18,0.0,2018
경기,"폐기물 수집, 운반, 처리 및 원료 재생업",29,0.0,2018
경기,"하수, 폐수 및 분뇨 처리업",1,0.0,2018
경기,협회 및 단체,29,0.0,2018
경기,화학 물질 및 화학제품 제조업; 의약품 제외,147,0.0,2018
경기,환경 정화 및 복원업,1,0.0,2018
경남,1차 금속 제조업,11,0.0,2018
경남,가구 제조업,3,0.0,2018
경남,"가죽, 가방 및 신발 제조업",1,0.0,2018
경남,개인 및 소비용품 수리업,3,0.0,2018
경남,"건축 기술, 엔지니어링 및 기타 과학기술 서비스업",13,0.0,2018
경남,고무 및 플라스틱제품 제조업,9,0.0,2018
경남,교육 서비스업,13,0.0,2018
경남,금속 가공제품 제조업; 기계 및 가구 제외,39,0.0,2018
경남,금융업,2,0.0,2018
경남,기타 개인 서비스업,4,0.0,2018
경남,기타 기계 및 장비 제조업,45,0.0,2018
경남,기타 운송장비 제조업,38,0.0,2018
경남,"기타 전문, 과학 및 기술 서비스업",6,0.0,2018
경남,기타 제품 제조업,8,0.0,2018
경남,농업,31,0.0,2018
경남,도매 및 상품 중개업,186,0.0,2018
경남,목재 및 나무제품 제조업; 가구 제외,2,0.0,2018
경남,보건업,1,0.0,2018
경남,부동산업,67,0.0,2018
경남,비금속 광물제품 제조업,3,0.0,2018
경남,사업 지원 서비스업,16,0.0,2018
경남,사업시설 관리 및 조경 서비스업,16,0.0,2018
경남,산업용 기계 및 장비 수리업,3,0.0,2018
경남,소매업; 자동차 제외,47,0.0,2018
경남,숙박업,5,0.0,2018
경남,스포츠 및 오락관련 서비스업,8,0.0,2018
경남,식료품 제조업,21,0.0,2018
경남,어업,3,0.0,2018
경남,연구개발업,7,0.0,2018
경남,영상ㆍ오디오 기록물 제작 및 배급업,2,0.0,2018
경남,우편 및 통신업,1,0.0,2018
경남,육상 운송 및 파이프라인 운송업,26,0.0,2018
경남,음식점 및 주점업,12,0.0,2018
경남,"의료, 정밀, 광학 기기 및 시계 제조업",3,0.0,2018
경남,의료용 물질 및 의약품 제조업,1,0.0,2018
경남,"의복, 의복 액세서리 및 모피제품 제조업",2,0.0,2018
경남,임대업; 부동산 제외,9,0.0,2018
경남,임업,2,0.0,2018
경남,자동차 및 부품 판매업,7,0.0,2018
경남,자동차 및 트레일러 제조업,31,0.0,2018
경남,"전기, 가스, 증기 및 공기 조절 공급업",30,0.0,2018
경남,전기장비 제조업,13,0.0,2018
경남,전문 서비스업,24,0.0,2018
경남,전문직별 공사업,73,0.0,2018
경남,"전자 부품, 컴퓨터, 영상, 음향 및 통신장비 제조업",15,0.0,2018
경남,정보서비스업,5,0.0,2018
경남,종합 건설업,31,0.0,2018
경남,창고 및 운송관련 서비스업,10,0.0,2018
경남,"창작, 예술 및 여가관련 서비스업",2,0.0,2018
경남,출판업,15,0.0,2018
경남,"컴퓨터 프로그래밍, 시스템 통합 및 관리업",1,0.0,2018
경남,"코크스, 연탄 및 석유정제품 제조업",3,0.0,2018
경남,"펄프, 종이 및 종이제품 제조업",3,0.0,2018
경남,"폐기물 수집, 운반, 처리 및 원료 재생업",7,0.0,2018
경남,협회 및 단체,10,0.0,2018
경남,화학 물질 및 화학제품 제조업; 의약품 제외,10,0.0,2018
경북,1차 금속 제조업,4,0.0,2018
경북,가구 제조업,3,0.0,2018
경북,"가죽, 가방 및 신발 제조업",2,0.0,2018
경북,"건축 기술, 엔지니어링 및 기타 과학기술 서비스업",16,0.0,2018
경북,고무 및 플라스틱제품 제조업,11,0.0,2018
경북,교육 서비스업,7,0.0,2018
경북,금속 가공제품 제조업; 기계 및 가구 제외,19,0.0,2018
경북,금융 및 보험관련 서비스업,1,0.0,2018
경북,기타 기계 및 장비 제조업,32,0.0,2018
경북,기타 운송장비 제조업,2,0.0,2018
경북,"기타 전문, 과학 및 기술 서비스업",3,0.0,2018
경북,기타 제품 제조업,3,0.0,2018
경북,농업,53,0.0,2018
경북,도매 및 상품 중개업,158,0.0,2018
경북,목재 및 나무제품 제조업; 가구 제외,2,0.0,2018
경북,부동산업,48,0.0,2018
경북,비금속 광물제품 제조업,12,0.0,2018
경북,비금속광물 광업; 연료용 제외,5,0.0,2018
경북,사업 지원 서비스업,37,0.0,2018
경북,사업시설 관리 및 조경 서비스업,15,0.0,2018
경북,사회복지 서비스업,4,0.0,2018
경북,산업용 기계 및 장비 수리업,1,0.0,2018
경북,섬유제품 제조업; 의복 제외,4,0.0,2018
경북,소매업; 자동차 제외,35,0.0,2018
경북,수상 운송업,1,0.0,2018
경북,숙박업,2,0.0,2018
경북,스포츠 및 오락관련 서비스업,3,0.0,2018
경북,식료품 제조업,37,0.0,2018
경북,어업,2,0.0,2018
경북,연구개발업,3,0.0,2018
경북,영상ㆍ오디오 기록물 제작 및 배급업,4,0.0,2018
경북,우편 및 통신업,1,0.0,2018
경북,육상 운송 및 파이프라인 운송업,10,0.0,2018
경북,음료 제조업,1,0.0,2018
경북,음식점 및 주점업,17,0.0,2018
경북,"의료, 정밀, 광학 기기 및 시계 제조업",6,0.0,2018
경북,의료용 물질 및 의약품 제조업,1,0.0,2018
경북,"의복, 의복 액세서리 및 모피제품 제조업",2,0.0,2018
경북,인쇄 및 기록매체 복제업,1,0.0,2018
경북,임대업; 부동산 제외,4,0.0,2018
경북,임업,5,0.0,2018
경북,자동차 및 부품 판매업,10,0.0,2018
경북,자동차 및 트레일러 제조업,33,0.0,2018
경북,"전기, 가스, 증기 및 공기 조절 공급업",114,0.0,2018
경북,전기장비 제조업,7,0.0,2018
경북,전문 서비스업,34,0.0,2018
경북,전문직별 공사업,60,0.0,2018
경북,"전자 부품, 컴퓨터, 영상, 음향 및 통신장비 제조업",33,0.0,2018
경북,정보서비스업,6,0.0,2018
경북,종합 건설업,37,0.0,2018
경북,창고 및 운송관련 서비스업,7,0.0,2018
경북,"창작, 예술 및 여가관련 서비스업",3,0.0,2018
경북,출판업,19,0.0,2018
경북,"컴퓨터 프로그래밍, 시스템 통합 및 관리업",1,0.0,2018
경북,"펄프, 종이 및 종이제품 제조업",4,0.0,2018
경북,"폐기물 수집, 운반, 처리 및 원료 재생업",13,0.0,2018
경북,협회 및 단체,8,0.0,2018
경북,화학 물질 및 화학제품 제조업; 의약품 제외,21,0.0,2018
광주,1차 금속 제조업,1,0.0,2018
광주,가구 제조업,1,0.0,2018
광주,"가죽, 가방 및 신발 제조업",1,0.0,2018
광주,개인 및 소비용품 수리업,2,0.0,2018
광주,"건축 기술, 엔지니어링 및 기타 과학기술 서비스업",4,0.0,2018
광주,고무 및 플라스틱제품 제조업,5,0.0,2018
광주,교육 서비스업,10,0.0,2018
광주,금속 가공제품 제조업; 기계 및 가구 제외,11,0.0,2018
광주,금융 및 보험관련 서비스업,8,0.0,2018
광주,금융업,5,0.0,2018
광주,기타 개인 서비스업,3,0.0,2018
광주,기타 기계 및 장비 제조업,10,0.0,2018
광주,기타 운송장비 제조업,2,0.0,2018
광주,"기타 전문, 과학 및 기술 서비스업",19,0.0,2018
광주,기타 제품 제조업,4,0.0,2018
광주,농업,5,0.0,2018
광주,도매 및 상품 중개업,239,0.0,2018
광주,목재 및 나무제품 제조업; 가구 제외,2,0.0,2018
광주,방송업,1,0.0,2018
광주,부동산업,100,0.0,2018
광주,비금속 광물제품 제조업,5,0.0,2018
광주,사업 지원 서비스업,29,0.0,2018
광주,사업시설 관리 및 조경 서비스업,7,0.0,2018
광주,사회복지 서비스업,1,0.0,2018
광주,산업용 기계 및 장비 수리업,1,0.0,2018
광주,섬유제품 제조업; 의복 제외,2,0.0,2018
광주,소매업; 자동차 제외,73,0.0,2018
광주,숙박업,1,0.0,2018
광주,스포츠 및 오락관련 서비스업,3,0.0,2018
광주,식료품 제조업,35,0.0,2018
광주,연구개발업,2,0.0,2018
광주,영상ㆍ오디오 기록물 제작 및 배급업,3,0.0,2018
광주,우편 및 통신업,7,0.0,2018
광주,육상 운송 및 파이프라인 운송업,13,0.0,2018
광주,음식점 및 주점업,17,0.0,2018
광주,"의료, 정밀, 광학 기기 및 시계 제조업",7,0.0,2018
광주,"의복, 의복 액세서리 및 모피제품 제조업",3,0.0,2018
광주,임대업; 부동산 제외,6,0.0,2018
광주,자동차 및 부품 판매업,23,0.0,2018
광주,자동차 및 트레일러 제조업,9,0.0,2018
광주,"전기, 가스, 증기 및 공기 조절 공급업",165,0.0,2018
광주,전기장비 제조업,9,0.0,2018
광주,전문 서비스업,37,0.0,2018
광주,전문직별 공사업,108,0.0,2018
광주,"전자 부품, 컴퓨터, 영상, 음향 및 통신장비 제조업",19,0.0,2018
광주,정보서비스업,5,0.0,2018
광주,종합 건설업,48,0.0,2018
광주,창고 및 운송관련 서비스업,6,0.0,2018
광주,"창작, 예술 및 여가관련 서비스업",3,0.0,2018
광주,출판업,45,0.0,2018
광주,"컴퓨터 프로그래밍, 시스템 통합 및 관리업",4,0.0,2018
광주,"펄프, 종이 및 종이제품 제조업",1,0.0,2018
광주,협회 및 단체,11,0.0,2018
광주,화학 물질 및 화학제품 제조업; 의약품 제외,5,0.0,2018
대구,1차 금속 제조업,3,0.0,2018
대구,가구 제조업,1,0.0,2018
대구,개인 및 소비용품 수리업,3,0.0,2018
대구,"건축 기술, 엔지니어링 및 기타 과학기술 서비스업",8,0.0,2018
대구,고무 및 플라스틱제품 제조업,9,0.0,2018
대구,교육 서비스업,24,0.0,2018
대구,금속 가공제품 제조업; 기계 및 가구 제외,10,0.0,2018
대구,금융 및 보험관련 서비스업,5,0.0,2018
대구,금융업,7,0.0,2018
대구,기타 개인 서비스업,4,0.0,2018
대구,기타 기계 및 장비 제조업,17,0.0,2018
대구,기타 운송장비 제조업,1,0.0,2018
대구,"기타 전문, 과학 및 기술 서비스업",9,0.0,2018
대구,기타 제품 제조업,9,0.0,2018
대구,농업,11,0.0,2018
대구,도매 및 상품 중개업,189,0.0,2018
대구,목재 및 나무제품 제조업; 가구 제외,1,0.0,2018
대구,보건업,1,0.0,2018
대구,부동산업,84,0.0,2018
대구,비금속 광물제품 제조업,3,0.0,2018
대구,사업 지원 서비스업,45,0.0,2018
대구,사업시설 관리 및 조경 서비스업,13,0.0,2018
대구,사회복지 서비스업,1,0.0,2018
대구,섬유제품 제조업; 의복 제외,6,0.0,2018
대구,소매업; 자동차 제외,50,0.0,2018
대구,스포츠 및 오락관련 서비스업,12,0.0,2018
대구,식료품 제조업,31,0.0,2018
대구,어업,1,0.0,2018
대구,연구개발업,5,0.0,2018
대구,영상ㆍ오디오 기록물 제작 및 배급업,6,0.0,2018
대구,우편 및 통신업,2,0.0,2018
대구,육상 운송 및 파이프라인 운송업,5,0.0,2018
대구,음식점 및 주점업,11,0.0,2018
대구,"의료, 정밀, 광학 기기 및 시계 제조업",9,0.0,2018
대구,의료용 물질 및 의약품 제조업,2,0.0,2018
대구,"의복, 의복 액세서리 및 모피제품 제조업",4,0.0,2018
대구,인쇄 및 기록매체 복제업,2,0.0,2018
대구,임대업; 부동산 제외,2,0.0,2018
대구,자동차 및 부품 판매업,15,0.0,2018
대구,자동차 및 트레일러 제조업,13,0.0,2018
대구,"전기, 가스, 증기 및 공기 조절 공급업",43,0.0,2018
대구,전기장비 제조업,12,0.0,2018
대구,전문 서비스업,65,0.0,2018
대구,전문직별 공사업,33,0.0,2018
대구,"전자 부품, 컴퓨터, 영상, 음향 및 통신장비 제조업",12,0.0,2018
대구,정보서비스업,13,0.0,2018
대구,종합 건설업,31,0.0,2018
대구,창고 및 운송관련 서비스업,2,0.0,2018
대구,"창작, 예술 및 여가관련 서비스업",8,0.0,2018
대구,출판업,25,0.0,2018
대구,"컴퓨터 프로그래밍, 시스템 통합 및 관리업",5,0.0,2018
대구,"펄프, 종이 및 종이제품 제조업",2,0.0,2018
대구,"폐기물 수집, 운반, 처리 및 원료 재생업",5,0.0,2018
대구,협회 및 단체,7,0.0,2018
대구,화학 물질 및 화학제품 제조업; 의약품 제외,12,0.0,2018
대전,가구 제조업,1,0.0,2018
대전,"가죽, 가방 및 신발 제조업",1,0.0,2018
대전,"건축 기술, 엔지니어링 및 기타 과학기술 서비스업",3,0.0,2018
대전,고무 및 플라스틱제품 제조업,4,0.0,2018
대전,교육 서비스업,8,0.0,2018
대전,금속 가공제품 제조업; 기계 및 가구 제외,2,0.0,2018
대전,금융 및 보험관련 서비스업,6,0.0,2018
대전,금융업,5,0.0,2018
대전,기타 개인 서비스업,3,0.0,2018
대전,기타 기계 및 장비 제조업,17,0.0,2018
대전,"기타 전문, 과학 및 기술 서비스업",14,0.0,2018
대전,기타 제품 제조업,7,0.0,2018
대전,농업,6,0.0,2018
대전,도매 및 상품 중개업,152,0.0,2018
대전,목재 및 나무제품 제조업; 가구 제외,1,0.0,2018
대전,방송업,2,0.0,2018
대전,보건업,1,0.0,2018
대전,부동산업,48,0.0,2018
대전,비금속 광물제품 제조업,4,0.0,2018
대전,사업 지원 서비스업,11,0.0,2018
대전,사업시설 관리 및 조경 서비스업,3,0.0,2018
대전,사회복지 서비스업,2,0.0,2018
대전,섬유제품 제조업; 의복 제외,2,0.0,2018
대전,소매업; 자동차 제외,36,0.0,2018
대전,수상 운송업,1,0.0,2018
대전,스포츠 및 오락관련 서비스업,2,0.0,2018
대전,식료품 제조업,22,0.0,2018
대전,연구개발업,10,0.0,2018
대전,영상ㆍ오디오 기록물 제작 및 배급업,2,0.0,2018
대전,우편 및 통신업,1,0.0,2018
대전,육상 운송 및 파이프라인 운송업,2,0.0,2018
대전,음료 제조업,3,0.0,2018
대전,음식점 및 주점업,16,0.0,2018
대전,"의료, 정밀, 광학 기기 및 시계 제조업",13,0.0,2018
대전,의료용 물질 및 의약품 제조업,2,0.0,2018
대전,"의복, 의복 액세서리 및 모피제품 제조업",4,0.0,2018
대전,인쇄 및 기록매체 복제업,1,0.0,2018
대전,임대업; 부동산 제외,5,0.0,2018
대전,자동차 및 부품 판매업,16,0.0,2018
대전,자동차 및 트레일러 제조업,2,0.0,2018
대전,"전기, 가스, 증기 및 공기 조절 공급업",104,0.0,2018
대전,전기장비 제조업,11,0.0,2018
대전,전문 서비스업,40,0.0,2018
대전,전문직별 공사업,45,0.0,2018
대전,"전자 부품, 컴퓨터, 영상, 음향 및 통신장비 제조업",9,0.0,2018
대전,정보서비스업,19,0.0,2018
대전,종합 건설업,16,0.0,2018
대전,창고 및 운송관련 서비스업,5,0.0,2018
대전,"창작, 예술 및 여가관련 서비스업",4,0.0,2018
대전,출판업,47,0.0,2018
대전,"컴퓨터 프로그래밍, 시스템 통합 및 관리업",11,0.0,2018
대전,"펄프, 종이 및 종이제품 제조업",2,0.0,2018
대전,"폐기물 수집, 운반, 처리 및 원료 재생업",2,0.0,2018
대전,협회 및 단체,2,0.0,2018
대전,화학 물질 및 화학제품 제조업; 의약품 제외,14,0.0,2018
부산,1차 금속 제조업,9,0.0,2018
부산,"가죽, 가방 및 신발 제조업",9,0.0,2018
부산,개인 및 소비용품 수리업,4,0.0,2018
부산,"건축 기술, 엔지니어링 및 기타 과학기술 서비스업",8,0.0,2018
부산,고무 및 플라스틱제품 제조업,6,0.0,2018
부산,교육 서비스업,30,0.0,2018
부산,금속 가공제품 제조업; 기계 및 가구 제외,10,0.0,2018
부산,금융 및 보험관련 서비스업,14,0.0,2018
부산,금융업,6,0.0,2018
부산,기타 개인 서비스업,10,0.0,2018
부산,기타 기계 및 장비 제조업,31,0.0,2018
부산,기타 운송장비 제조업,11,0.0,2018
부산,"기타 전문, 과학 및 기술 서비스업",29,0.0,2018
부산,기타 제품 제조업,11,0.0,2018
부산,농업,4,0.0,2018
부산,도매 및 상품 중개업,299,0.0,2018
부산,방송업,1,0.0,2018
부산,부동산업,159,0.0,2018
부산,비금속 광물제품 제조업,3,0.0,2018
부산,사업 지원 서비스업,45,0.0,2018
부산,사업시설 관리 및 조경 서비스업,13,0.0,2018
부산,사회복지 서비스업,11,0.0,2018
부산,산업용 기계 및 장비 수리업,8,0.0,2018
부산,섬유제품 제조업; 의복 제외,3,0.0,2018
부산,소매업; 자동차 제외,98,0.0,2018
부산,수상 운송업,5,0.0,2018
부산,숙박업,9,0.0,2018
부산,스포츠 및 오락관련 서비스업,10,0.0,2018
부산,식료품 제조업,38,0.0,2018
부산,연구개발업,3,0.0,2018
부산,영상ㆍ오디오 기록물 제작 및 배급업,9,0.0,2018
부산,우편 및 통신업,1,0.0,2018
부산,육상 운송 및 파이프라인 운송업,26,0.0,2018
부산,음료 제조업,1,0.0,2018
부산,음식점 및 주점업,33,0.0,2018
부산,"의료, 정밀, 광학 기기 및 시계 제조업",5,0.0,2018
부산,"의복, 의복 액세서리 및 모피제품 제조업",12,0.0,2018
부산,인쇄 및 기록매체 복제업,2,0.0,2018
부산,임대업; 부동산 제외,11,0.0,2018
부산,임업,1,0.0,2018
부산,자동차 및 부품 판매업,14,0.0,2018
부산,자동차 및 트레일러 제조업,8,0.0,2018
부산,"전기, 가스, 증기 및 공기 조절 공급업",15,0.0,2018
부산,전기장비 제조업,14,0.0,2018
부산,전문 서비스업,66,0.0,2018
부산,전문직별 공사업,79,0.0,2018
부산,"전자 부품, 컴퓨터, 영상, 음향 및 통신장비 제조업",8,0.0,2018
부산,정보서비스업,21,0.0,2018
부산,종합 건설업,53,0.0,2018
부산,창고 및 운송관련 서비스업,21,0.0,2018
부산,"창작, 예술 및 여가관련 서비스업",10,0.0,2018
부산,출판업,81,0.0,2018
부산,"컴퓨터 프로그래밍, 시스템 통합 및 관리업",7,0.0,2018
부산,"펄프, 종이 및 종이제품 제조업",5,0.0,2018
부산,"폐기물 수집, 운반, 처리 및 원료 재생업",4,0.0,2018
부산,협회 및 단체,14,0.0,2018
부산,화학 물질 및 화학제품 제조업; 의약품 제외,27,0.0,2018
서울,1차 금속 제조업,10,0.0,2018
서울,가구 제조업,22,0.0,2018
서울,"가죽, 가방 및 신발 제조업",40,0.0,2018
서울,개인 및 소비용품 수리업,11,0.0,2018
서울,"건축 기술, 엔지니어링 및 기타 과학기술 서비스업",81,0.0,2018
서울,고무 및 플라스틱제품 제조업,23,0.0,2018
서울,"공공 행정, 국방 및 사회보장 행정",1,0.0,2018
서울,광업 지원 서비스업,1,0.0,2018
서울,교육 서비스업,206,0.0,2018
서울,금속 가공제품 제조업; 기계 및 가구 제외,10,0.0,2018
서울,금속 광업,1,0.0,2018
서울,금융 및 보험관련 서비스업,727,0.0,2018
서울,금융업,734,0.0,2018
서울,기타 개인 서비스업,44,0.0,2018
서울,기타 기계 및 장비 제조업,45,0.0,2018
서울,기타 운송장비 제조업,12,0.0,2018
서울,"기타 전문, 과학 및 기술 서비스업",305,0.0,2018
서울,기타 제품 제조업,79,0.0,2018
서울,농업,12,0.0,2018
서울,도매 및 상품 중개업,2186,0.0,2018
서울,목재 및 나무제품 제조업; 가구 제외,4,0.0,2018
서울,방송업,11,0.0,2018
서울,보건업,4,0.0,2018
서울,보험 및 연금업,4,0.0,2018
서울,부동산업,514,0.0,2018
서울,비금속 광물제품 제조업,7,0.0,2018
서울,비금속광물 광업; 연료용 제외,5,0.0,2018
서울,사업 지원 서비스업,372,0.0,2018
서울,사업시설 관리 및 조경 서비스업,33,0.0,2018
서울,사회복지 서비스업,17,0.0,2018
서울,산업용 기계 및 장비 수리업,3,0.0,2018
서울,섬유제품 제조업; 의복 제외,35,0.0,2018
서울,소매업; 자동차 제외,777,0.0,2018
서울,수상 운송업,5,0.0,2018
서울,숙박업,19,0.0,2018
서울,스포츠 및 오락관련 서비스업,86,0.0,2018
서울,식료품 제조업,176,0.0,2018
서울,연구개발업,49,0.0,2018
서울,영상ㆍ오디오 기록물 제작 및 배급업,289,0.0,2018
서울,우편 및 통신업,22,0.0,2018
서울,육상 운송 및 파이프라인 운송업,33,0.0,2018
서울,음료 제조업,12,0.0,2018
서울,음식점 및 주점업,229,0.0,2018
서울,"의료, 정밀, 광학 기기 및 시계 제조업",47,0.0,2018
서울,의료용 물질 및 의약품 제조업,14,0.0,2018
서울,"의복, 의복 액세서리 및 모피제품 제조업",181,0.0,2018
서울,인쇄 및 기록매체 복제업,23,0.0,2018
서울,임대업; 부동산 제외,48,0.0,2018
서울,자동차 및 부품 판매업,90,0.0,2018
서울,자동차 및 트레일러 제조업,12,0.0,2018
서울,"전기, 가스, 증기 및 공기 조절 공급업",88,0.0,2018
서울,전기장비 제조업,37,0.0,2018
서울,전문 서비스업,1104,0.0,2018
서울,전문직별 공사업,170,0.0,2018
서울,"전자 부품, 컴퓨터, 영상, 음향 및 통신장비 제조업",102,0.0,2018
서울,정보서비스업,288,0.0,2018
서울,종합 건설업,98,0.0,2018
서울,창고 및 운송관련 서비스업,69,0.0,2018
서울,"창작, 예술 및 여가관련 서비스업",113,0.0,2018
서울,출판업,1264,0.0,2018
서울,"컴퓨터 프로그래밍, 시스템 통합 및 관리업",107,0.0,2018
서울,"펄프, 종이 및 종이제품 제조업",8,0.0,2018
서울,"폐기물 수집, 운반, 처리 및 원료 재생업",5,0.0,2018
서울,"하수, 폐수 및 분뇨 처리업",1,0.0,2018
서울,항공 운송업,1,0.0,2018
서울,협회 및 단체,61,0.0,2018
서울,화학 물질 및 화학제품 제조업; 의약품 제외,273,0.0,2018
서울,환경 정화 및 복원업,1,0.0,2018
세종,1차 금속 제조업,1,0.0,2018
세종,가구 제조업,1,0.0,2018
세종,개인 및 소비용품 수리업,1,0.0,2018
세종,"건축 기술, 엔지니어링 및 기타 과학기술 서비스업",5,0.0,2018
세종,고무 및 플라스틱제품 제조업,2,0.0,2018
세종,교육 서비스업,4,0.0,2018
세종,금속 가공제품 제조업; 기계 및 가구 제외,1,0.0,2018
세종,금융 및 보험관련 서비스업,4,0.0,2018
세종,금융업,1,0.0,2018
세종,기타 개인 서비스업,1,0.0,2018
세종,기타 기계 및 장비 제조업,3,0.0,2018
세종,"기타 전문, 과학 및 기술 서비스업",1,0.0,2018
세종,기타 제품 제조업,1,0.0,2018
세종,농업,1,0.0,2018
세종,도매 및 상품 중개업,23,0.0,2018
세종,부동산업,20,0.0,2018
세종,비금속 광물제품 제조업,3,0.0,2018
세종,사업 지원 서비스업,5,0.0,2018
세종,사업시설 관리 및 조경 서비스업,1,0.0,2018
세종,사회복지 서비스업,1,0.0,2018
세종,소매업; 자동차 제외,8,0.0,2018
세종,스포츠 및 오락관련 서비스업,2,0.0,2018
세종,식료품 제조업,6,0.0,2018
세종,연구개발업,1,0.0,2018
세종,영상ㆍ오디오 기록물 제작 및 배급업,2,0.0,2018
세종,육상 운송 및 파이프라인 운송업,1,0.0,2018
세종,음식점 및 주점업,3,0.0,2018
세종,"의료, 정밀, 광학 기기 및 시계 제조업",1,0.0,2018
세종,의료용 물질 및 의약품 제조업,1,0.0,2018
세종,인쇄 및 기록매체 복제업,2,0.0,2018
세종,임대업; 부동산 제외,1,0.0,2018
세종,자동차 및 부품 판매업,1,0.0,2018
세종,"전기, 가스, 증기 및 공기 조절 공급업",11,0.0,2018
세종,전기장비 제조업,2,0.0,2018
세종,전문 서비스업,2,0.0,2018
세종,전문직별 공사업,20,0.0,2018
세종,"전자 부품, 컴퓨터, 영상, 음향 및 통신장비 제조업",1,0.0,2018
세종,정보서비스업,3,0.0,2018
세종,종합 건설업,12,0.0,2018
세종,창고 및 운송관련 서비스업,1,0.0,2018
세종,출판업,11,0.0,2018
세종,"컴퓨터 프로그래밍, 시스템 통합 및 관리업",2,0.0,2018
세종,"폐기물 수집, 운반, 처리 및 원료 재생업",1,0.0,2018
세종,협회 및 단체,1,0.0,2018
울산,1차 금속 제조업,2,0.0,2018
울산,가구 제조업,1,0.0,2018
울산,"가죽, 가방 및 신발 제조업",1,0.0,2018
울산,"건축 기술, 엔지니어링 및 기타 과학기술 서비스업",4,0.0,2018
울산,고무 및 플라스틱제품 제조업,2,0.0,2018
울산,교육 서비스업,8,0.0,2018
울산,금속 가공제품 제조업; 기계 및 가구 제외,3,0.0,2018
울산,금융 및 보험관련 서비스업,1,0.0,2018
울산,금융업,1,0.0,2018
울산,기타 기계 및 장비 제조업,9,0.0,2018
울산,기타 운송장비 제조업,10,0.0,2018
울산,"기타 전문, 과학 및 기술 서비스업",5,0.0,2018
울산,기타 제품 제조업,5,0.0,2018
울산,농업,2,0.0,2018
울산,도매 및 상품 중개업,61,0.0,2018
울산,부동산업,49,0.0,2018
울산,비금속 광물제품 제조업,1,0.0,2018
울산,사업 지원 서비스업,17,0.0,2018
울산,사업시설 관리 및 조경 서비스업,5,0.0,2018
울산,사회복지 서비스업,1,0.0,2018
울산,소매업; 자동차 제외,21,0.0,2018
울산,수상 운송업,1,0.0,2018
울산,스포츠 및 오락관련 서비스업,3,0.0,2018
울산,식료품 제조업,8,0.0,2018
울산,연구개발업,5,0.0,2018
울산,우편 및 통신업,2,0.0,2018
울산,육상 운송 및 파이프라인 운송업,4,0.0,2018
울산,음료 제조업,1,0.0,2018
울산,음식점 및 주점업,6,0.0,2018
울산,"의료, 정밀, 광학 기기 및 시계 제조업",1,0.0,2018
울산,"의복, 의복 액세서리 및 모피제품 제조업",1,0.0,2018
울산,임대업; 부동산 제외,2,0.0,2018
울산,자동차 및 부품 판매업,2,0.0,2018
울산,자동차 및 트레일러 제조업,7,0.0,2018
울산,"전기, 가스, 증기 및 공기 조절 공급업",5,0.0,2018
울산,전기장비 제조업,3,0.0,2018
울산,전문 서비스업,15,0.0,2018
울산,전문직별 공사업,21,0.0,2018
울산,"전자 부품, 컴퓨터, 영상, 음향 및 통신장비 제조업",2,0.0,2018
울산,정보서비스업,2,0.0,2018
울산,종합 건설업,12,0.0,2018
울산,창고 및 운송관련 서비스업,1,0.0,2018
울산,"창작, 예술 및 여가관련 서비스업",3,0.0,2018
울산,출판업,10,0.0,2018
울산,"컴퓨터 프로그래밍, 시스템 통합 및 관리업",1,0.0,2018
울산,"펄프, 종이 및 종이제품 제조업",2,0.0,2018
울산,"폐기물 수집, 운반, 처리 및 원료 재생업",3,0.0,2018
울산,협회 및 단체,5,0.0,2018
울산,화학 물질 및 화학제품 제조업; 의약품 제외,2,0.0,2018
인천,1차 금속 제조업,10,0.0,2018
인천,가구 제조업,9,0.0,2018
인천,"가죽, 가방 및 신발 제조업",4,0.0,2018
인천,개인 및 소비용품 수리업,4,0.0,2018
인천,"건축 기술, 엔지니어링 및 기타 과학기술 서비스업",11,0.0,2018
인천,고무 및 플라스틱제품 제조업,16,0.0,2018
인천,교육 서비스업,23,0.0,2018
인천,금속 가공제품 제조업; 기계 및 가구 제외,11,0.0,2018
인천,금융 및 보험관련 서비스업,16,0.0,2018
인천,금융업,7,0.0,2018
인천,기타 개인 서비스업,10,0.0,2018
인천,기타 기계 및 장비 제조업,25,0.0,2018
인천,기타 운송장비 제조업,4,0.0,2018
인천,"기타 전문, 과학 및 기술 서비스업",18,0.0,2018
인천,기타 제품 제조업,16,0.0,2018
인천,농업,5,0.0,2018
인천,도매 및 상품 중개업,305,0.0,2018
인천,목재 및 나무제품 제조업; 가구 제외,4,0.0,2018
인천,방송업,1,0.0,2018
인천,부동산업,88,0.0,2018
인천,비금속 광물제품 제조업,5,0.0,2018
인천,사업 지원 서비스업,83,0.0,2018
인천,사업시설 관리 및 조경 서비스업,8,0.0,2018
인천,사회복지 서비스업,2,0.0,2018
인천,섬유제품 제조업; 의복 제외,7,0.0,2018
인천,소매업; 자동차 제외,82,0.0,2018
인천,숙박업,2,0.0,2018
인천,스포츠 및 오락관련 서비스업,3,0.0,2018
인천,식료품 제조업,25,0.0,2018
인천,연구개발업,5,0.0,2018
인천,영상ㆍ오디오 기록물 제작 및 배급업,10,0.0,2018
인천,우편 및 통신업,3,0.0,2018
인천,육상 운송 및 파이프라인 운송업,27,0.0,2018
인천,음료 제조업,1,0.0,2018
인천,음식점 및 주점업,26,0.0,2018
인천,"의료, 정밀, 광학 기기 및 시계 제조업",11,0.0,2018
인천,의료용 물질 및 의약품 제조업,2,0.0,2018
인천,"의복, 의복 액세서리 및 모피제품 제조업",12,0.0,2018
인천,인쇄 및 기록매체 복제업,1,0.0,2018
인천,임대업; 부동산 제외,11,0.0,2018
인천,자동차 및 부품 판매업,40,0.0,2018
인천,자동차 및 트레일러 제조업,5,0.0,2018
인천,"전기, 가스, 증기 및 공기 조절 공급업",7,0.0,2018
인천,전기장비 제조업,21,0.0,2018
인천,전문 서비스업,77,0.0,2018
인천,전문직별 공사업,68,0.0,2018
인천,"전자 부품, 컴퓨터, 영상, 음향 및 통신장비 제조업",41,0.0,2018
인천,정보서비스업,14,0.0,2018
인천,종합 건설업,38,0.0,2018
인천,창고 및 운송관련 서비스업,30,0.0,2018
인천,"창작, 예술 및 여가관련 서비스업",6,0.0,2018
인천,출판업,63,0.0,2018
인천,"컴퓨터 프로그래밍, 시스템 통합 및 관리업",2,0.0,2018
인천,"펄프, 종이 및 종이제품 제조업",3,0.0,2018
인천,"폐기물 수집, 운반, 처리 및 원료 재생업",4,0.0,2018
인천,"하수, 폐수 및 분뇨 처리업",1,0.0,2018
인천,항공 운송업,1,0.0,2018
인천,협회 및 단체,7,0.0,2018
인천,화학 물질 및 화학제품 제조업; 의약품 제외,32,0.0,2018
전남,1차 금속 제조업,1,0.0,2018
전남,가구 제조업,1,0.0,2018
전남,개인 및 소비용품 수리업,2,0.0,2018
전남,"건축 기술, 엔지니어링 및 기타 과학기술 서비스업",15,0.0,2018
전남,고무 및 플라스틱제품 제조업,7,0.0,2018
전남,교육 서비스업,10,0.0,2018
전남,금속 가공제품 제조업; 기계 및 가구 제외,17,0.0,2018
전남,금융 및 보험관련 서비스업,2,0.0,2018
전남,금융업,2,0.0,2018
전남,기타 개인 서비스업,2,0.0,2018
전남,기타 기계 및 장비 제조업,11,0.0,2018
전남,기타 운송장비 제조업,46,0.0,2018
전남,"기타 전문, 과학 및 기술 서비스업",3,0.0,2018
전남,기타 제품 제조업,4,0.0,2018
전남,농업,53,0.0,2018
전남,도매 및 상품 중개업,171,0.0,2018
전남,보건업,1,0.0,2018
전남,부동산업,45,0.0,2018
전남,비금속 광물제품 제조업,5,0.0,2018
전남,비금속광물 광업; 연료용 제외,2,0.0,2018
전남,사업 지원 서비스업,19,0.0,2018
전남,사업시설 관리 및 조경 서비스업,2,0.0,2018
전남,사회복지 서비스업,1,0.0,2018
전남,섬유제품 제조업; 의복 제외,2,0.0,2018
전남,소매업; 자동차 제외,25,0.0,2018
전남,숙박업,4,0.0,2018
전남,스포츠 및 오락관련 서비스업,6,0.0,2018
전남,식료품 제조업,43,0.0,2018
전남,어업,13,0.0,2018
전남,연구개발업,9,0.0,2018
전남,영상ㆍ오디오 기록물 제작 및 배급업,2,0.0,2018
전남,육상 운송 및 파이프라인 운송업,22,0.0,2018
전남,음료 제조업,3,0.0,2018
전남,음식점 및 주점업,7,0.0,2018
전남,"의료, 정밀, 광학 기기 및 시계 제조업",4,0.0,2018
전남,"의복, 의복 액세서리 및 모피제품 제조업",1,0.0,2018
전남,인쇄 및 기록매체 복제업,1,0.0,2018
전남,임대업; 부동산 제외,5,0.0,2018
전남,임업,4,0.0,2018
전남,자동차 및 부품 판매업,3,0.0,2018
전남,자동차 및 트레일러 제조업,3,0.0,2018
전남,"전기, 가스, 증기 및 공기 조절 공급업",156,0.0,2018
전남,전기장비 제조업,3,0.0,2018
전남,전문 서비스업,6,0.0,2018
전남,전문직별 공사업,70,0.0,2018
전남,"전자 부품, 컴퓨터, 영상, 음향 및 통신장비 제조업",4,0.0,2018
전남,정보서비스업,4,0.0,2018
전남,종합 건설업,36,0.0,2018
전남,창고 및 운송관련 서비스업,7,0.0,2018
전남,"창작, 예술 및 여가관련 서비스업",7,0.0,2018
전남,출판업,19,0.0,2018
전남,"컴퓨터 프로그래밍, 시스템 통합 및 관리업",3,0.0,2018
전남,"펄프, 종이 및 종이제품 제조업",2,0.0,2018
전남,"폐기물 수집, 운반, 처리 및 원료 재생업",7,0.0,2018
전남,협회 및 단체,17,0.0,2018
전남,화학 물질 및 화학제품 제조업; 의약품 제외,11,0.0,2018
전북,1차 금속 제조업,2,0.0,2018
전북,가구 제조업,1,0.0,2018
전북,개인 및 소비용품 수리업,3,0.0,2018
전북,"건축 기술, 엔지니어링 및 기타 과학기술 서비스업",7,0.0,2018
전북,고무 및 플라스틱제품 제조업,6,0.0,2018
전북,교육 서비스업,10,0.0,2018
전북,금속 가공제품 제조업; 기계 및 가구 제외,13,0.0,2018
전북,금융 및 보험관련 서비스업,7,0.0,2018
전북,금융업,2,0.0,2018
전북,기타 기계 및 장비 제조업,18,0.0,2018
전북,기타 운송장비 제조업,3,0.0,2018
전북,"기타 전문, 과학 및 기술 서비스업",3,0.0,2018
전북,기타 제품 제조업,7,0.0,2018
전북,농업,60,0.0,2018
전북,도매 및 상품 중개업,157,0.0,2018
전북,목재 및 나무제품 제조업; 가구 제외,1,0.0,2018
전북,방송업,1,0.0,2018
전북,부동산업,59,0.0,2018
전북,비금속 광물제품 제조업,3,0.0,2018
전북,비금속광물 광업; 연료용 제외,2,0.0,2018
전북,사업 지원 서비스업,16,0.0,2018
전북,사업시설 관리 및 조경 서비스업,8,0.0,2018
전북,사회복지 서비스업,4,0.0,2018
전북,섬유제품 제조업; 의복 제외,1,0.0,2018
전북,소매업; 자동차 제외,33,0.0,2018
전북,숙박업,4,0.0,2018
전북,스포츠 및 오락관련 서비스업,3,0.0,2018
전북,식료품 제조업,35,0.0,2018
전북,어업,2,0.0,2018
전북,연구개발업,3,0.0,2018
전북,영상ㆍ오디오 기록물 제작 및 배급업,2,0.0,2018
전북,육상 운송 및 파이프라인 운송업,9,0.0,2018
전북,음식점 및 주점업,8,0.0,2018
전북,"의료, 정밀, 광학 기기 및 시계 제조업",2,0.0,2018
전북,"의복, 의복 액세서리 및 모피제품 제조업",5,0.0,2018
전북,인쇄 및 기록매체 복제업,1,0.0,2018
전북,임대업; 부동산 제외,7,0.0,2018
전북,임업,5,0.0,2018
전북,자동차 및 부품 판매업,4,0.0,2018
전북,자동차 및 트레일러 제조업,6,0.0,2018
전북,"전기, 가스, 증기 및 공기 조절 공급업",70,0.0,2018
전북,전기장비 제조업,2,0.0,2018
전북,전문 서비스업,25,0.0,2018
전북,전문직별 공사업,54,0.0,2018
전북,"전자 부품, 컴퓨터, 영상, 음향 및 통신장비 제조업",4,0.0,2018
전북,정보서비스업,2,0.0,2018
전북,종합 건설업,23,0.0,2018
전북,창고 및 운송관련 서비스업,1,0.0,2018
전북,"창작, 예술 및 여가관련 서비스업",7,0.0,2018
전북,출판업,18,0.0,2018
전북,"컴퓨터 프로그래밍, 시스템 통합 및 관리업",3,0.0,2018
전북,"펄프, 종이 및 종이제품 제조업",2,0.0,2018
전북,"폐기물 수집, 운반, 처리 및 원료 재생업",1,0.0,2018
전북,"하수, 폐수 및 분뇨 처리업",1,0.0,2018
전북,협회 및 단체,9,0.0,2018
전북,화학 물질 및 화학제품 제조업; 의약품 제외,9,0.0,2018
제주,가구 제조업,3,0.0,2018
제주,"건축 기술, 엔지니어링 및 기타 과학기술 서비스업",14,0.0,2018
제주,교육 서비스업,12,0.0,2018
제주,금융업,1,0.0,2018
제주,기타 개인 서비스업,1,0.0,2018
제주,기타 기계 및 장비 제조업,1,0.0,2018
제주,"기타 전문, 과학 및 기술 서비스업",4,0.0,2018
제주,기타 제품 제조업,2,0.0,2018
제주,농업,14,0.0,2018
제주,도매 및 상품 중개업,50,0.0,2018
제주,부동산업,46,0.0,2018
제주,비금속광물 광업; 연료용 제외,1,0.0,2018
제주,사업 지원 서비스업,32,0.0,2018
제주,사업시설 관리 및 조경 서비스업,5,0.0,2018
제주,사회복지 서비스업,3,0.0,2018
제주,소매업; 자동차 제외,13,0.0,2018
제주,수상 운송업,2,0.0,2018
제주,숙박업,11,0.0,2018
제주,스포츠 및 오락관련 서비스업,6,0.0,2018
제주,식료품 제조업,14,0.0,2018
제주,영상ㆍ오디오 기록물 제작 및 배급업,3,0.0,2018
제주,육상 운송 및 파이프라인 운송업,4,0.0,2018
제주,음료 제조업,2,0.0,2018
제주,음식점 및 주점업,14,0.0,2018
제주,임대업; 부동산 제외,5,0.0,2018
제주,자동차 및 부품 판매업,1,0.0,2018
제주,"전기, 가스, 증기 및 공기 조절 공급업",15,0.0,2018
제주,전문 서비스업,14,0.0,2018
제주,전문직별 공사업,27,0.0,2018
제주,정보서비스업,6,0.0,2018
제주,종합 건설업,21,0.0,2018
제주,창고 및 운송관련 서비스업,2,0.0,2018
제주,"창작, 예술 및 여가관련 서비스업",3,0.0,2018
제주,출판업,21,0.0,2018
제주,"컴퓨터 프로그래밍, 시스템 통합 및 관리업",1,0.0,2018
제주,"하수, 폐수 및 분뇨 처리업",2,0.0,2018
제주,협회 및 단체,4,0.0,2018
제주,화학 물질 및 화학제품 제조업; 의약품 제외,2,0.0,2018
충남,1차 금속 제조업,4,0.0,2018
충남,"가죽, 가방 및 신발 제조업",1,0.0,2018
충남,개인 및 소비용품 수리업,4,0.0,2018
충남,"건축 기술, 엔지니어링 및 기타 과학기술 서비스업",7,0.0,2018
충남,고무 및 플라스틱제품 제조업,3,0.0,2018
충남,"공공 행정, 국방 및 사회보장 행정",1,0.0,2018
충남,교육 서비스업,8,0.0,2018
충남,금속 가공제품 제조업; 기계 및 가구 제외,15,0.0,2018
충남,금속 광업,2,0.0,2018
충남,금융 및 보험관련 서비스업,3,0.0,2018
충남,금융업,6,0.0,2018
충남,기타 개인 서비스업,2,0.0,2018
충남,기타 기계 및 장비 제조업,43,0.0,2018
충남,기타 운송장비 제조업,2,0.0,2018
충남,"기타 전문, 과학 및 기술 서비스업",2,0.0,2018
충남,기타 제품 제조업,6,0.0,2018
충남,농업,34,0.0,2018
충남,도매 및 상품 중개업,175,0.0,2018
충남,목재 및 나무제품 제조업; 가구 제외,2,0.0,2018
충남,부동산업,63,0.0,2018
충남,비금속 광물제품 제조업,4,0.0,2018
충남,사업 지원 서비스업,36,0.0,2018
충남,사업시설 관리 및 조경 서비스업,6,0.0,2018
충남,사회복지 서비스업,2,0.0,2018
충남,산업용 기계 및 장비 수리업,4,0.0,2018
충남,섬유제품 제조업; 의복 제외,5,0.0,2018
충남,소매업; 자동차 제외,25,0.0,2018
충남,숙박업,2,0.0,2018
충남,스포츠 및 오락관련 서비스업,7,0.0,2018
충남,식료품 제조업,36,0.0,2018
충남,어업,4,0.0,2018
충남,연구개발업,5,0.0,2018
충남,영상ㆍ오디오 기록물 제작 및 배급업,3,0.0,2018
충남,우편 및 통신업,1,0.0,2018
충남,육상 운송 및 파이프라인 운송업,6,0.0,2018
충남,음료 제조업,2,0.0,2018
충남,음식점 및 주점업,8,0.0,2018
충남,"의료, 정밀, 광학 기기 및 시계 제조업",4,0.0,2018
충남,"의복, 의복 액세서리 및 모피제품 제조업",2,0.0,2018
충남,임대업; 부동산 제외,13,0.0,2018
충남,임업,1,0.0,2018
충남,자동차 및 부품 판매업,12,0.0,2018
충남,자동차 및 트레일러 제조업,18,0.0,2018
충남,"전기, 가스, 증기 및 공기 조절 공급업",65,0.0,2018
충남,전기장비 제조업,11,0.0,2018
충남,전문 서비스업,33,0.0,2018
충남,전문직별 공사업,66,0.0,2018
충남,"전자 부품, 컴퓨터, 영상, 음향 및 통신장비 제조업",28,0.0,2018
충남,정보서비스업,4,0.0,2018
충남,종합 건설업,23,0.0,2018
충남,창고 및 운송관련 서비스업,5,0.0,2018
충남,"창작, 예술 및 여가관련 서비스업",6,0.0,2018
충남,출판업,24,0.0,2018
충남,"컴퓨터 프로그래밍, 시스템 통합 및 관리업",3,0.0,2018
충남,"펄프, 종이 및 종이제품 제조업",5,0.0,2018
충남,"폐기물 수집, 운반, 처리 및 원료 재생업",6,0.0,2018
충남,협회 및 단체,13,0.0,2018
충남,화학 물질 및 화학제품 제조업; 의약품 제외,7,0.0,2018
충남,환경 정화 및 복원업,1,0.0,2018
충북,1차 금속 제조업,10,0.0,2018
충북,가구 제조업,2,0.0,2018
충북,"가죽, 가방 및 신발 제조업",1,0.0,2018
충북,개인 및 소비용품 수리업,1,0.0,2018
충북,"건축 기술, 엔지니어링 및 기타 과학기술 서비스업",14,0.0,2018
충북,고무 및 플라스틱제품 제조업,11,0.0,2018
충북,교육 서비스업,9,0.0,2018
충북,금속 가공제품 제조업; 기계 및 가구 제외,11,0.0,2018
충북,금융 및 보험관련 서비스업,6,0.0,2018
충북,금융업,1,0.0,2018
충북,기타 개인 서비스업,4,0.0,2018
충북,기타 기계 및 장비 제조업,22,0.0,2018
충북,기타 운송장비 제조업,1,0.0,2018
충북,"기타 전문, 과학 및 기술 서비스업",3,0.0,2018
충북,기타 제품 제조업,2,0.0,2018
충북,농업,26,0.0,2018
충북,도매 및 상품 중개업,134,0.0,2018
충북,목재 및 나무제품 제조업; 가구 제외,3,0.0,2018
충북,부동산업,37,0.0,2018
충북,비금속 광물제품 제조업,9,0.0,2018
충북,비금속광물 광업; 연료용 제외,2,0.0,2018
충북,사업 지원 서비스업,23,0.0,2018
충북,사업시설 관리 및 조경 서비스업,4,0.0,2018
충북,사회복지 서비스업,4,0.0,2018
충북,섬유제품 제조업; 의복 제외,2,0.0,2018
충북,소매업; 자동차 제외,22,0.0,2018
충북,숙박업,1,0.0,2018
충북,스포츠 및 오락관련 서비스업,10,0.0,2018
충북,식료품 제조업,31,0.0,2018
충북,연구개발업,4,0.0,2018
충북,영상ㆍ오디오 기록물 제작 및 배급업,1,0.0,2018
충북,육상 운송 및 파이프라인 운송업,10,0.0,2018
충북,음료 제조업,4,0.0,2018
충북,음식점 및 주점업,4,0.0,2018
충북,"의료, 정밀, 광학 기기 및 시계 제조업",5,0.0,2018
충북,"의복, 의복 액세서리 및 모피제품 제조업",5,0.0,2018
충북,인쇄 및 기록매체 복제업,1,0.0,2018
충북,임대업; 부동산 제외,4,0.0,2018
충북,임업,2,0.0,2018
충북,자동차 및 부품 판매업,5,0.0,2018
충북,자동차 및 트레일러 제조업,4,0.0,2018
충북,"전기, 가스, 증기 및 공기 조절 공급업",49,0.0,2018
충북,전기장비 제조업,4,0.0,2018
충북,전문 서비스업,13,0.0,2018
충북,전문직별 공사업,33,0.0,2018
충북,"전자 부품, 컴퓨터, 영상, 음향 및 통신장비 제조업",12,0.0,2018
충북,정보서비스업,5,0.0,2018
충북,종합 건설업,20,0.0,2018
충북,창고 및 운송관련 서비스업,6,0.0,2018
충북,"창작, 예술 및 여가관련 서비스업",3,0.0,2018
충북,출판업,15,0.0,2018
충북,"컴퓨터 프로그래밍, 시스템 통합 및 관리업",1,0.0,2018
충북,"펄프, 종이 및 종이제품 제조업",2,0.0,2018
충북,"폐기물 수집, 운반, 처리 및 원료 재생업",7,0.0,2018
충북,협회 및 단체,5,0.0,2018
충북,화학 물질 및 화학제품 제조업; 의약품 제외,25,0.0,2018
강원,자동차 및 부품 판매업,6,5.0,2019
강원,농업,32,2.5555555555555554,2019
강원,소매업; 자동차 제외,43,0.8695652173913043,2019
강원,"창작, 예술 및 여가관련 서비스업",10,0.6666666666666666,2019
강원,출판업,20,0.5384615384615384,2019
강원,기타 개인 서비스업,3,0.5,2019
강원,"기타 전문, 과학 및 기술 서비스업",6,0.5,2019
강원,비금속 광물제품 제조업,6,0.5,2019
강원,연구개발업,3,0.5,2019
강원,"전자 부품, 컴퓨터, 영상, 음향 및 통신장비 제조업",3,0.5,2019
강원,부동산업,44,0.4666666666666667,2019
강원,교육 서비스업,10,0.42857142857142855,2019
강원,스포츠 및 오락관련 서비스업,4,0.3333333333333333,2019
강원,영상ㆍ오디오 기록물 제작 및 배급업,4,0.3333333333333333,2019
강원,전문직별 공사업,44,0.15789473684210525,2019
강원,종합 건설업,21,0.10526315789473684,2019
강원,고무 및 플라스틱제품 제조업,1,0.0,2019
강원,금속 가공제품 제조업; 기계 및 가구 제외,2,0.0,2019
강원,기타 제품 제조업,4,0.0,2019
강원,음료 제조업,2,0.0,2019
강원,전기장비 제조업,2,0.0,2019
강원,"폐기물 수집, 운반, 처리 및 원료 재생업",2,0.0,2019
강원,임대업; 부동산 제외,7,-0.125,2019
강원,음식점 및 주점업,6,-0.14285714285714285,2019
강원,사업 지원 서비스업,14,-0.17647058823529413,2019
강원,기타 기계 및 장비 제조업,4,-0.2,2019
강원,정보서비스업,4,-0.2,2019
강원,협회 및 단체,8,-0.2,2019
강원,식료품 제조업,24,-0.22580645161290322,2019
강원,도매 및 상품 중개업,85,-0.2796610169491525,2019
강원,"전기, 가스, 증기 및 공기 조절 공급업",40,-0.2857142857142857,2019
강원,자동차 및 트레일러 제조업,2,-0.3333333333333333,2019
강원,전문 서비스업,12,-0.4,2019
강원,비금속광물 광업; 연료용 제외,1,-0.5,2019
강원,숙박업,3,-0.5,2019
강원,"의료, 정밀, 광학 기기 및 시계 제조업",4,-0.5,2019
강원,"건축 기술, 엔지니어링 및 기타 과학기술 서비스업",4,-0.5555555555555556,2019
강원,화학 물질 및 화학제품 제조업; 의약품 제외,3,-0.5714285714285714,2019
강원,"의복, 의복 액세서리 및 모피제품 제조업",1,-0.6666666666666666,2019
강원,창고 및 운송관련 서비스업,1,-0.6666666666666666,2019
강원,금융 및 보험관련 서비스업,1,-0.75,2019
강원,임업,1,-0.8,2019
강원,기타 운송장비 제조업,1,,2019
강원,목재 및 나무제품 제조업; 가구 제외,2,,2019
강원,보험 및 연금업,1,,2019
강원,어업,3,,2019
강원,인쇄 및 기록매체 복제업,2,,2019
강원,"코크스, 연탄 및 석유정제품 제조업",1,,2019
경기,방송업,10,4.0,2019
경기,영상ㆍ오디오 기록물 제작 및 배급업,101,1.2954545454545454,2019
경기,부동산업,1167,1.2270992366412214,2019
경기,보건업,2,1.0,2019
경기,어업,2,1.0,2019
경기,스포츠 및 오락관련 서비스업,64,0.7777777777777778,2019
경기,숙박업,11,0.5714285714285714,2019
경기,"폐기물 수집, 운반, 처리 및 원료 재생업",45,0.5517241379310345,2019
경기,농업,79,0.5192307692307693,2019
경기,산업용 기계 및 장비 수리업,6,0.5,2019
경기,전기장비 제조업,121,0.4578313253012048,2019
경기,전문 서비스업,430,0.4527027027027027,2019
경기,기타 운송장비 제조업,13,0.4444444444444444,2019
경기,1차 금속 제조업,43,0.43333333333333335,2019
경기,비금속광물 광업; 연료용 제외,7,0.4,2019
경기,소매업; 자동차 제외,543,0.3887468030690537,2019
경기,"기타 전문, 과학 및 기술 서비스업",104,0.38666666666666666,2019
경기,기타 제품 제조업,98,0.38028169014084506,2019
경기,협회 및 단체,40,0.3793103448275862,2019
경기,정보서비스업,113,0.313953488372093,2019
경기,"가죽, 가방 및 신발 제조업",21,0.3125,2019
경기,"의복, 의복 액세서리 및 모피제품 제조업",81,0.3064516129032258,2019
경기,식료품 제조업,237,0.26737967914438504,2019
경기,출판업,482,0.2390745501285347,2019
경기,사업시설 관리 및 조경 서비스업,59,0.22916666666666666,2019
경기,금융업,70,0.22807017543859648,2019
경기,가구 제조업,55,0.2222222222222222,2019
경기,"펄프, 종이 및 종이제품 제조업",22,0.2222222222222222,2019
경기,교육 서비스업,127,0.19811320754716982,2019
경기,종합 건설업,195,0.19631901840490798,2019
경기,"창작, 예술 및 여가관련 서비스업",33,0.17857142857142858,2019
경기,임대업; 부동산 제외,41,0.17142857142857143,2019
경기,"컴퓨터 프로그래밍, 시스템 통합 및 관리업",35,0.12903225806451613,2019
경기,창고 및 운송관련 서비스업,65,0.1016949152542373,2019
경기,인쇄 및 기록매체 복제업,22,0.1,2019
경기,육상 운송 및 파이프라인 운송업,76,0.07042253521126761,2019
경기,섬유제품 제조업; 의복 제외,34,0.0625,2019
경기,도매 및 상품 중개업,1789,0.05173427395649618,2019
경기,금속 가공제품 제조업; 기계 및 가구 제외,88,0.047619047619047616,2019
경기,음식점 및 주점업,126,0.04132231404958678,2019
경기,사업 지원 서비스업,320,0.03896103896103896,2019
경기,"의료, 정밀, 광학 기기 및 시계 제조업",61,0.0,2019
경기,"하수, 폐수 및 분뇨 처리업",1,0.0,2019
경기,환경 정화 및 복원업,1,0.0,2019
경기,연구개발업,33,-0.029411764705882353,2019
경기,기타 개인 서비스업,27,-0.03571428571428571,2019
경기,금융 및 보험관련 서비스업,73,-0.0641025641025641,2019
경기,기타 기계 및 장비 제조업,199,-0.06572769953051644,2019
경기,화학 물질 및 화학제품 제조업; 의약품 제외,135,-0.08163265306122448,2019
경기,"건축 기술, 엔지니어링 및 기타 과학기술 서비스업",61,-0.08955223880597014,2019
경기,고무 및 플라스틱제품 제조업,61,-0.08955223880597014,2019
경기,"전자 부품, 컴퓨터, 영상, 음향 및 통신장비 제조업",289,-0.10248447204968944,2019
경기,전문직별 공사업,298,-0.11572700296735905,2019
경기,자동차 및 트레일러 제조업,74,-0.13953488372093023,2019
경기,우편 및 통신업,6,-0.14285714285714285,2019
경기,사회복지 서비스업,13,-0.1875,2019
경기,자동차 및 부품 판매업,83,-0.20192307692307693,2019
경기,의료용 물질 및 의약품 제조업,9,-0.25,2019
경기,임업,3,-0.25,2019
경기,개인 및 소비용품 수리업,21,-0.3,2019
경기,음료 제조업,7,-0.3,2019
경기,목재 및 나무제품 제조업; 가구 제외,12,-0.3333333333333333,2019
경기,비금속 광물제품 제조업,16,-0.5555555555555556,2019
경기,"전기, 가스, 증기 및 공기 조절 공급업",34,-0.7043478260869566,2019
경기,"코크스, 연탄 및 석유정제품 제조업",1,,2019
경기,항공 운송업,2,,2019
경남,"의료, 정밀, 광학 기기 및 시계 제조업",9,2.0,2019
경남,"컴퓨터 프로그래밍, 시스템 통합 및 관리업",3,2.0,2019
경남,식료품 제조업,54,1.5714285714285714,2019
경남,"창작, 예술 및 여가관련 서비스업",5,1.5,2019
경남,음식점 및 주점업,25,1.0833333333333333,2019
경남,금융업,4,1.0,2019
경남,의료용 물질 및 의약품 제조업,2,1.0,2019
경남,임업,4,1.0,2019
경남,"폐기물 수집, 운반, 처리 및 원료 재생업",13,0.8571428571428571,2019
경남,정보서비스업,9,0.8,2019
경남,어업,5,0.6666666666666666,2019
경남,목재 및 나무제품 제조업; 가구 제외,3,0.5,2019
경남,"의복, 의복 액세서리 및 모피제품 제조업",3,0.5,2019
경남,출판업,21,0.4,2019
경남,비금속 광물제품 제조업,4,0.3333333333333333,2019
경남,"펄프, 종이 및 종이제품 제조업",4,0.3333333333333333,2019
경남,부동산업,85,0.26865671641791045,2019
경남,협회 및 단체,12,0.2,2019
경남,종합 건설업,37,0.1935483870967742,2019
경남,자동차 및 부품 판매업,8,0.14285714285714285,2019
경남,사업 지원 서비스업,18,0.125,2019
경남,소매업; 자동차 제외,49,0.0425531914893617,2019
경남,전문 서비스업,25,0.041666666666666664,2019
경남,육상 운송 및 파이프라인 운송업,27,0.038461538461538464,2019
경남,기타 기계 및 장비 제조업,46,0.022222222222222223,2019
경남,1차 금속 제조업,11,0.0,2019
경남,가구 제조업,3,0.0,2019
경남,"가죽, 가방 및 신발 제조업",1,0.0,2019
경남,개인 및 소비용품 수리업,3,0.0,2019
경남,"기타 전문, 과학 및 기술 서비스업",6,0.0,2019
경남,기타 제품 제조업,8,0.0,2019
경남,숙박업,5,0.0,2019
경남,영상ㆍ오디오 기록물 제작 및 배급업,2,0.0,2019
경남,"전기, 가스, 증기 및 공기 조절 공급업",30,0.0,2019
경남,전기장비 제조업,13,0.0,2019
경남,화학 물질 및 화학제품 제조업; 의약품 제외,10,0.0,2019
경남,전문직별 공사업,71,-0.0273972602739726,2019
경남,농업,30,-0.03225806451612903,2019
경남,창고 및 운송관련 서비스업,9,-0.1,2019
경남,기타 운송장비 제조업,34,-0.10526315789473684,2019
경남,고무 및 플라스틱제품 제조업,8,-0.1111111111111111,2019
경남,도매 및 상품 중개업,160,-0.13978494623655913,2019
경남,연구개발업,6,-0.14285714285714285,2019
경남,"건축 기술, 엔지니어링 및 기타 과학기술 서비스업",10,-0.23076923076923078,2019
경남,교육 서비스업,10,-0.23076923076923078,2019
경남,기타 개인 서비스업,3,-0.25,2019
경남,사업시설 관리 및 조경 서비스업,12,-0.25,2019
경남,스포츠 및 오락관련 서비스업,6,-0.25,2019
경남,산업용 기계 및 장비 수리업,2,-0.3333333333333333,2019
경남,금속 가공제품 제조업; 기계 및 가구 제외,22,-0.4358974358974359,2019
경남,임대업; 부동산 제외,5,-0.4444444444444444,2019
경남,자동차 및 트레일러 제조업,17,-0.45161290322580644,2019
경남,"전자 부품, 컴퓨터, 영상, 음향 및 통신장비 제조업",7,-0.5333333333333333,2019
경남,금융 및 보험관련 서비스업,6,,2019
경남,담배 제조업,1,,2019
경남,방송업,3,,2019
경남,보험 및 연금업,1,,2019
경남,사회복지 서비스업,4,,2019
경남,섬유제품 제조업; 의복 제외,5,,2019
경남,음료 제조업,1,,2019
경남,인쇄 및 기록매체 복제업,3,,2019
경북,음료 제조업,4,3.0,2019
경북,"컴퓨터 프로그래밍, 시스템 통합 및 관리업",4,3.0,2019
경북,"기타 전문, 과학 및 기술 서비스업",8,1.6666666666666667,2019
경북,"의료, 정밀, 광학 기기 및 시계 제조업",16,1.6666666666666667,2019
경북,1차 금속 제조업,9,1.25,2019
경북,교육 서비스업,15,1.1428571428571428,2019
경북,기타 운송장비 제조업,4,1.0,2019
경북,기타 제품 제조업,6,1.0,2019
경북,"창작, 예술 및 여가관련 서비스업",6,1.0,2019
경북,섬유제품 제조업; 의복 제외,7,0.75,2019
경북,임대업; 부동산 제외,7,0.75,2019
경북,정보서비스업,10,0.6666666666666666,2019
경북,사회복지 서비스업,6,0.5,2019
경북,숙박업,3,0.5,2019
경북,"의복, 의복 액세서리 및 모피제품 제조업",3,0.5,2019
경북,임업,7,0.4,2019
경북,식료품 제조업,51,0.3783783783783784,2019
경북,농업,73,0.37735849056603776,2019
경북,협회 및 단체,11,0.375,2019
경북,연구개발업,4,0.3333333333333333,2019
경북,전문직별 공사업,78,0.3,2019
경북,영상ㆍ오디오 기록물 제작 및 배급업,5,0.25,2019
경북,부동산업,59,0.22916666666666666,2019
경북,소매업; 자동차 제외,41,0.17142857142857143,2019
경북,전기장비 제조업,8,0.14285714285714285,2019
경북,육상 운송 및 파이프라인 운송업,11,0.1,2019
경북,출판업,20,0.05263157894736842,2019
경북,도매 및 상품 중개업,162,0.02531645569620253,2019
경북,금융 및 보험관련 서비스업,1,0.0,2019
경북,목재 및 나무제품 제조업; 가구 제외,2,0.0,2019
경북,스포츠 및 오락관련 서비스업,3,0.0,2019
경북,인쇄 및 기록매체 복제업,1,0.0,2019
경북,전문 서비스업,34,0.0,2019
경북,금속 가공제품 제조업; 기계 및 가구 제외,18,-0.05263157894736842,2019
경북,기타 기계 및 장비 제조업,30,-0.0625,2019
경북,종합 건설업,34,-0.08108108108108109,2019
경북,사업 지원 서비스업,33,-0.10810810810810811,2019
경북,화학 물질 및 화학제품 제조업; 의약품 제외,17,-0.19047619047619047,2019
경북,"펄프, 종이 및 종이제품 제조업",3,-0.25,2019
경북,사업시설 관리 및 조경 서비스업,11,-0.26666666666666666,2019
경북,고무 및 플라스틱제품 제조업,8,-0.2727272727272727,2019
경북,"폐기물 수집, 운반, 처리 및 원료 재생업",9,-0.3076923076923077,2019
경북,가구 제조업,2,-0.3333333333333333,2019
경북,자동차 및 트레일러 제조업,22,-0.3333333333333333,2019
경북,"전자 부품, 컴퓨터, 영상, 음향 및 통신장비 제조업",20,-0.3939393939393939,2019
경북,비금속광물 광업; 연료용 제외,3,-0.4,2019
경북,자동차 및 부품 판매업,6,-0.4,2019
경북,창고 및 운송관련 서비스업,4,-0.42857142857142855,2019
경북,음식점 및 주점업,9,-0.47058823529411764,2019
경북,"건축 기술, 엔지니어링 및 기타 과학기술 서비스업",8,-0.5,2019
경북,어업,1,-0.5,2019
경북,비금속 광물제품 제조업,4,-0.6666666666666666,2019
경북,"전기, 가스, 증기 및 공기 조절 공급업",26,-0.7719298245614035,2019
경북,개인 및 소비용품 수리업,3,,2019
경북,기타 개인 서비스업,2,,2019
경북,방송업,1,,2019
경북,보건업,2,,2019
광주,농업,78,14.6,2019
광주,숙박업,5,4.0,2019
광주,"건축 기술, 엔지니어링 및 기타 과학기술 서비스업",14,2.5,2019
광주,기타 제품 제조업,11,1.75,2019
광주,고무 및 플라스틱제품 제조업,12,1.4,2019
광주,화학 물질 및 화학제품 제조업; 의약품 제외,12,1.4,2019
광주,"의복, 의복 액세서리 및 모피제품 제조업",7,1.3333333333333333,2019
광주,기타 개인 서비스업,6,1.0,2019
광주,방송업,2,1.0,2019
광주,사회복지 서비스업,2,1.0,2019
광주,연구개발업,4,1.0,2019
광주,전기장비 제조업,17,0.8888888888888888,2019
광주,정보서비스업,9,0.8,2019
광주,기타 기계 및 장비 제조업,17,0.7,2019
광주,부동산업,147,0.47,2019
광주,스포츠 및 오락관련 서비스업,4,0.3333333333333333,2019
광주,영상ㆍ오디오 기록물 제작 및 배급업,4,0.3333333333333333,2019
광주,금융 및 보험관련 서비스업,10,0.25,2019
광주,"기타 전문, 과학 및 기술 서비스업",23,0.21052631578947367,2019
광주,전문 서비스업,44,0.1891891891891892,2019
광주,자동차 및 트레일러 제조업,10,0.1111111111111111,2019
광주,교육 서비스업,11,0.1,2019
광주,사업 지원 서비스업,31,0.06896551724137931,2019
광주,소매업; 자동차 제외,77,0.0547945205479452,2019
광주,식료품 제조업,36,0.02857142857142857,2019
광주,가구 제조업,1,0.0,2019
광주,"가죽, 가방 및 신발 제조업",1,0.0,2019
광주,개인 및 소비용품 수리업,2,0.0,2019
광주,목재 및 나무제품 제조업; 가구 제외,2,0.0,2019
광주,비금속 광물제품 제조업,5,0.0,2019
광주,육상 운송 및 파이프라인 운송업,13,0.0,2019
광주,"창작, 예술 및 여가관련 서비스업",3,0.0,2019
광주,"펄프, 종이 및 종이제품 제조업",1,0.0,2019
광주,도매 및 상품 중개업,227,-0.0502092050209205,2019
광주,"전자 부품, 컴퓨터, 영상, 음향 및 통신장비 제조업",18,-0.05263157894736842,2019
광주,사업시설 관리 및 조경 서비스업,6,-0.14285714285714285,2019
광주,"의료, 정밀, 광학 기기 및 시계 제조업",5,-0.2857142857142857,2019
광주,출판업,31,-0.3111111111111111,2019
광주,임대업; 부동산 제외,4,-0.3333333333333333,2019
광주,자동차 및 부품 판매업,14,-0.391304347826087,2019
광주,전문직별 공사업,64,-0.4074074074074074,2019
광주,음식점 및 주점업,10,-0.4117647058823529,2019
광주,금속 가공제품 제조업; 기계 및 가구 제외,6,-0.45454545454545453,2019
광주,종합 건설업,26,-0.4583333333333333,2019
광주,기타 운송장비 제조업,1,-0.5,2019
광주,섬유제품 제조업; 의복 제외,1,-0.5,2019
광주,"컴퓨터 프로그래밍, 시스템 통합 및 관리업",2,-0.5,2019
광주,협회 및 단체,5,-0.5454545454545454,2019
광주,금융업,2,-0.6,2019
광주,"전기, 가스, 증기 및 공기 조절 공급업",58,-0.6484848484848484,2019
광주,창고 및 운송관련 서비스업,2,-0.6666666666666666,2019
광주,우편 및 통신업,1,-0.8571428571428571,2019
광주,비금속광물 광업; 연료용 제외,1,,2019
광주,어업,1,,2019
광주,음료 제조업,1,,2019
광주,의료용 물질 및 의약품 제조업,2,,2019
광주,인쇄 및 기록매체 복제업,3,,2019
광주,임업,2,,2019
대구,사회복지 서비스업,5,4.0,2019
대구,임대업; 부동산 제외,7,2.5,2019
대구,가구 제조업,3,2.0,2019
대구,"의복, 의복 액세서리 및 모피제품 제조업",12,2.0,2019
대구,출판업,52,1.08,2019
대구,음식점 및 주점업,21,0.9090909090909091,2019
대구,부동산업,151,0.7976190476190477,2019
대구,창고 및 운송관련 서비스업,3,0.5,2019
대구,"기타 전문, 과학 및 기술 서비스업",13,0.4444444444444444,2019
대구,종합 건설업,42,0.3548387096774194,2019
대구,1차 금속 제조업,4,0.3333333333333333,2019
대구,기타 제품 제조업,12,0.3333333333333333,2019
대구,섬유제품 제조업; 의복 제외,8,0.3333333333333333,2019
대구,"의료, 정밀, 광학 기기 및 시계 제조업",12,0.3333333333333333,2019
대구,기타 개인 서비스업,5,0.25,2019
대구,농업,13,0.18181818181818182,2019
대구,도매 및 상품 중개업,223,0.17989417989417988,2019
대구,기타 기계 및 장비 제조업,20,0.17647058823529413,2019
대구,"건축 기술, 엔지니어링 및 기타 과학기술 서비스업",9,0.125,2019
대구,"전자 부품, 컴퓨터, 영상, 음향 및 통신장비 제조업",13,0.08333333333333333,2019
대구,정보서비스업,14,0.07692307692307693,2019
대구,금융 및 보험관련 서비스업,5,0.0,2019
대구,기타 운송장비 제조업,1,0.0,2019
대구,목재 및 나무제품 제조업; 가구 제외,1,0.0,2019
대구,어업,1,0.0,2019
대구,연구개발업,5,0.0,2019
대구,"펄프, 종이 및 종이제품 제조업",2,0.0,2019
대구,협회 및 단체,7,0.0,2019
대구,소매업; 자동차 제외,49,-0.02,2019
대구,전문 서비스업,60,-0.07692307692307693,2019
대구,전문직별 공사업,30,-0.09090909090909091,2019
대구,금융업,6,-0.14285714285714285,2019
대구,"컴퓨터 프로그래밍, 시스템 통합 및 관리업",4,-0.2,2019
대구,자동차 및 트레일러 제조업,10,-0.23076923076923078,2019
대구,사업 지원 서비스업,34,-0.24444444444444444,2019
대구,"창작, 예술 및 여가관련 서비스업",6,-0.25,2019
대구,화학 물질 및 화학제품 제조업; 의약품 제외,9,-0.25,2019
대구,식료품 제조업,23,-0.25806451612903225,2019
대구,자동차 및 부품 판매업,11,-0.26666666666666666,2019
대구,스포츠 및 오락관련 서비스업,8,-0.3333333333333333,2019
대구,영상ㆍ오디오 기록물 제작 및 배급업,4,-0.3333333333333333,2019
대구,사업시설 관리 및 조경 서비스업,8,-0.38461538461538464,2019
대구,육상 운송 및 파이프라인 운송업,3,-0.4,2019
대구,교육 서비스업,14,-0.4166666666666667,2019
대구,전기장비 제조업,7,-0.4166666666666667,2019
대구,우편 및 통신업,1,-0.5,2019
대구,의료용 물질 및 의약품 제조업,1,-0.5,2019
대구,인쇄 및 기록매체 복제업,1,-0.5,2019
대구,"폐기물 수집, 운반, 처리 및 원료 재생업",2,-0.6,2019
대구,개인 및 소비용품 수리업,1,-0.6666666666666666,2019
대구,비금속 광물제품 제조업,1,-0.6666666666666666,2019
대구,금속 가공제품 제조업; 기계 및 가구 제외,3,-0.7,2019
대구,"전기, 가스, 증기 및 공기 조절 공급업",9,-0.7906976744186046,2019
대구,고무 및 플라스틱제품 제조업,1,-0.8888888888888888,2019
대구,"가죽, 가방 및 신발 제조업",1,,2019
대구,방송업,1,,2019
대구,보험 및 연금업,1,,2019
대구,비금속광물 광업; 연료용 제외,1,,2019
대구,음료 제조업,1,,2019
대전,협회 및 단체,11,4.5,2019
대전,스포츠 및 오락관련 서비스업,9,3.5,2019
대전,육상 운송 및 파이프라인 운송업,8,3.0,2019
대전,금속 가공제품 제조업; 기계 및 가구 제외,5,1.5,2019
대전,섬유제품 제조업; 의복 제외,5,1.5,2019
대전,사업 지원 서비스업,23,1.0909090909090908,2019
대전,농업,12,1.0,2019
대전,사회복지 서비스업,4,1.0,2019
대전,부동산업,91,0.8958333333333334,2019
대전,사업시설 관리 및 조경 서비스업,5,0.6666666666666666,2019
대전,교육 서비스업,13,0.625,2019
대전,종합 건설업,23,0.4375,2019
대전,"건축 기술, 엔지니어링 및 기타 과학기술 서비스업",4,0.3333333333333333,2019
대전,소매업; 자동차 제외,47,0.3055555555555556,2019
대전,기타 제품 제조업,9,0.2857142857142857,2019
대전,식료품 제조업,28,0.2727272727272727,2019
대전,자동차 및 부품 판매업,20,0.25,2019
대전,"의료, 정밀, 광학 기기 및 시계 제조업",16,0.23076923076923078,2019
대전,"전자 부품, 컴퓨터, 영상, 음향 및 통신장비 제조업",10,0.1111111111111111,2019
대전,전기장비 제조업,12,0.09090909090909091,2019
대전,출판업,50,0.06382978723404255,2019
대전,가구 제조업,1,0.0,2019
대전,금융업,5,0.0,2019
대전,기타 개인 서비스업,3,0.0,2019
대전,목재 및 나무제품 제조업; 가구 제외,1,0.0,2019
대전,방송업,2,0.0,2019
대전,인쇄 및 기록매체 복제업,1,0.0,2019
대전,자동차 및 트레일러 제조업,2,0.0,2019
대전,"창작, 예술 및 여가관련 서비스업",4,0.0,2019
대전,화학 물질 및 화학제품 제조업; 의약품 제외,14,0.0,2019
대전,도매 및 상품 중개업,136,-0.10526315789473684,2019
대전,음식점 및 주점업,14,-0.125,2019
대전,전문직별 공사업,38,-0.15555555555555556,2019
대전,전문 서비스업,33,-0.175,2019
대전,창고 및 운송관련 서비스업,4,-0.2,2019
대전,"의복, 의복 액세서리 및 모피제품 제조업",3,-0.25,2019
대전,"기타 전문, 과학 및 기술 서비스업",10,-0.2857142857142857,2019
대전,연구개발업,7,-0.3,2019
대전,정보서비스업,13,-0.3157894736842105,2019
대전,기타 기계 및 장비 제조업,11,-0.35294117647058826,2019
대전,금융 및 보험관련 서비스업,3,-0.5,2019
대전,의료용 물질 및 의약품 제조업,1,-0.5,2019
대전,"폐기물 수집, 운반, 처리 및 원료 재생업",1,-0.5,2019
대전,"컴퓨터 프로그래밍, 시스템 통합 및 관리업",5,-0.5454545454545454,2019
대전,임대업; 부동산 제외,2,-0.6,2019
대전,비금속 광물제품 제조업,1,-0.75,2019
대전,"전기, 가스, 증기 및 공기 조절 공급업",25,-0.7596153846153846,2019
대전,1차 금속 제조업,2,,2019
대전,기타 운송장비 제조업,1,,2019
대전,숙박업,1,,2019
대전,환경 정화 및 복원업,1,,2019
부산,연구개발업,9,2.0,2019
부산,우편 및 통신업,3,2.0,2019
부산,"의료, 정밀, 광학 기기 및 시계 제조업",15,2.0,2019
부산,"건축 기술, 엔지니어링 및 기타 과학기술 서비스업",16,1.0,2019
부산,비금속 광물제품 제조업,5,0.6666666666666666,2019
부산,부동산업,259,0.6289308176100629,2019
부산,농업,6,0.5,2019
부산,사회복지 서비스업,16,0.45454545454545453,2019
부산,"전자 부품, 컴퓨터, 영상, 음향 및 통신장비 제조업",11,0.375,2019
부산,기타 운송장비 제조업,15,0.36363636363636365,2019
부산,금융업,8,0.3333333333333333,2019
부산,종합 건설업,69,0.3018867924528302,2019
부산,기타 제품 제조업,14,0.2727272727272727,2019
부산,정보서비스업,26,0.23809523809523808,2019
부산,영상ㆍ오디오 기록물 제작 및 배급업,11,0.2222222222222222,2019
부산,전문 서비스업,80,0.21212121212121213,2019
부산,금속 가공제품 제조업; 기계 및 가구 제외,12,0.2,2019
부산,"창작, 예술 및 여가관련 서비스업",12,0.2,2019
부산,육상 운송 및 파이프라인 운송업,31,0.19230769230769232,2019
부산,식료품 제조업,42,0.10526315789473684,2019
부산,음식점 및 주점업,36,0.09090909090909091,2019
부산,도매 및 상품 중개업,321,0.07357859531772576,2019
부산,금융 및 보험관련 서비스업,15,0.07142857142857142,2019
부산,사업 지원 서비스업,48,0.06666666666666667,2019
부산,창고 및 운송관련 서비스업,22,0.047619047619047616,2019
부산,고무 및 플라스틱제품 제조업,6,0.0,2019
부산,기타 개인 서비스업,10,0.0,2019
부산,섬유제품 제조업; 의복 제외,3,0.0,2019
부산,자동차 및 트레일러 제조업,8,0.0,2019
부산,"폐기물 수집, 운반, 처리 및 원료 재생업",4,0.0,2019
부산,사업시설 관리 및 조경 서비스업,12,-0.07692307692307693,2019
부산,소매업; 자동차 제외,89,-0.09183673469387756,2019
부산,스포츠 및 오락관련 서비스업,9,-0.1,2019
부산,"가죽, 가방 및 신발 제조업",8,-0.1111111111111111,2019
부산,숙박업,8,-0.1111111111111111,2019
부산,전문직별 공사업,69,-0.12658227848101267,2019
부산,"컴퓨터 프로그래밍, 시스템 통합 및 관리업",6,-0.14285714285714285,2019
부산,"의복, 의복 액세서리 및 모피제품 제조업",10,-0.16666666666666666,2019
부산,수상 운송업,4,-0.2,2019
부산,자동차 및 부품 판매업,11,-0.21428571428571427,2019
부산,1차 금속 제조업,7,-0.2222222222222222,2019
부산,출판업,63,-0.2222222222222222,2019
부산,기타 기계 및 장비 제조업,24,-0.22580645161290322,2019
부산,교육 서비스업,22,-0.26666666666666666,2019
부산,전기장비 제조업,10,-0.2857142857142857,2019
부산,산업용 기계 및 장비 수리업,5,-0.375,2019
부산,"펄프, 종이 및 종이제품 제조업",3,-0.4,2019
부산,협회 및 단체,8,-0.42857142857142855,2019
부산,임대업; 부동산 제외,6,-0.45454545454545453,2019
부산,"기타 전문, 과학 및 기술 서비스업",14,-0.5172413793103449,2019
부산,화학 물질 및 화학제품 제조업; 의약품 제외,12,-0.5555555555555556,2019
부산,"전기, 가스, 증기 및 공기 조절 공급업",5,-0.6666666666666666,2019
부산,개인 및 소비용품 수리업,1,-0.75,2019
부산,가구 제조업,6,,2019
부산,목재 및 나무제품 제조업; 가구 제외,2,,2019
부산,보건업,2,,2019
부산,어업,1,,2019
부산,의료용 물질 및 의약품 제조업,3,,2019
부산,환경 정화 및 복원업,1,,2019
서울,산업용 기계 및 장비 수리업,10,2.3333333333333335,2019
서울,광업 지원 서비스업,3,2.0,2019
서울,방송업,21,0.9090909090909091,2019
서울,육상 운송 및 파이프라인 운송업,55,0.6666666666666666,2019
서울,개인 및 소비용품 수리업,15,0.36363636363636365,2019
서울,금융업,996,0.3569482288828338,2019
서울,기타 기계 및 장비 제조업,60,0.3333333333333333,2019
서울,사회복지 서비스업,22,0.29411764705882354,2019
서울,음식점 및 주점업,292,0.27510917030567683,2019
서울,목재 및 나무제품 제조업; 가구 제외,5,0.25,2019
서울,보건업,5,0.25,2019
서울,소매업; 자동차 제외,936,0.20463320463320464,2019
서울,"폐기물 수집, 운반, 처리 및 원료 재생업",6,0.2,2019
서울,부동산업,606,0.17898832684824903,2019
서울,전기장비 제조업,43,0.16216216216216217,2019
서울,교육 서비스업,239,0.16019417475728157,2019
서울,사업시설 관리 및 조경 서비스업,38,0.15151515151515152,2019
서울,"의복, 의복 액세서리 및 모피제품 제조업",208,0.14917127071823205,2019
서울,정보서비스업,330,0.14583333333333334,2019
서울,"기타 전문, 과학 및 기술 서비스업",349,0.14426229508196722,2019
서울,연구개발업,55,0.12244897959183673,2019
서울,자동차 및 부품 판매업,98,0.08888888888888889,2019
서울,농업,13,0.08333333333333333,2019
서울,의료용 물질 및 의약품 제조업,15,0.07142857142857142,2019
서울,스포츠 및 오락관련 서비스업,92,0.06976744186046512,2019
서울,전문직별 공사업,177,0.041176470588235294,2019
서울,전문 서비스업,1140,0.03260869565217391,2019
서울,종합 건설업,99,0.01020408163265306,2019
서울,도매 및 상품 중개업,2187,0.0004574565416285453,2019
서울,금속 가공제품 제조업; 기계 및 가구 제외,10,0.0,2019
서울,항공 운송업,1,0.0,2019
서울,환경 정화 및 복원업,1,0.0,2019
서울,출판업,1256,-0.006329113924050633,2019
서울,사업 지원 서비스업,367,-0.013440860215053764,2019
서울,영상ㆍ오디오 기록물 제작 및 배급업,283,-0.020761245674740483,2019
서울,기타 제품 제조업,77,-0.02531645569620253,2019
서울,금융 및 보험관련 서비스업,708,-0.026134800550206328,2019
서울,식료품 제조업,171,-0.028409090909090908,2019
서울,섬유제품 제조업; 의복 제외,34,-0.02857142857142857,2019
서울,"창작, 예술 및 여가관련 서비스업",109,-0.035398230088495575,2019
서울,음료 제조업,11,-0.08333333333333333,2019
서울,자동차 및 트레일러 제조업,11,-0.08333333333333333,2019
서울,"건축 기술, 엔지니어링 및 기타 과학기술 서비스업",71,-0.12345679012345678,2019
서울,기타 개인 서비스업,38,-0.13636363636363635,2019
서울,"컴퓨터 프로그래밍, 시스템 통합 및 관리업",92,-0.14018691588785046,2019
서울,비금속 광물제품 제조업,6,-0.14285714285714285,2019
서울,임대업; 부동산 제외,41,-0.14583333333333334,2019
서울,"의료, 정밀, 광학 기기 및 시계 제조업",40,-0.14893617021276595,2019
서울,가구 제조업,18,-0.18181818181818182,2019
서울,창고 및 운송관련 서비스업,56,-0.18840579710144928,2019
서울,숙박업,15,-0.21052631578947367,2019
서울,"전자 부품, 컴퓨터, 영상, 음향 및 통신장비 제조업",80,-0.21568627450980393,2019
서울,협회 및 단체,47,-0.22950819672131148,2019
서울,인쇄 및 기록매체 복제업,17,-0.2608695652173913,2019
서울,화학 물질 및 화학제품 제조업; 의약품 제외,196,-0.28205128205128205,2019
서울,"가죽, 가방 및 신발 제조업",26,-0.35,2019
서울,"펄프, 종이 및 종이제품 제조업",5,-0.375,2019
서울,우편 및 통신업,12,-0.45454545454545453,2019
서울,수상 운송업,2,-0.6,2019
서울,"전기, 가스, 증기 및 공기 조절 공급업",35,-0.6022727272727273,2019
서울,고무 및 플라스틱제품 제조업,9,-0.6086956521739131,2019
서울,기타 운송장비 제조업,3,-0.75,2019
서울,1차 금속 제조업,2,-0.8,2019
서울,어업,1,,2019
서울,임업,2,,2019
서울,"코크스, 연탄 및 석유정제품 제조업",1,,2019
세종,전문 서비스업,12,5.0,2019
세종,농업,5,4.0,2019
세종,"기타 전문, 과학 및 기술 서비스업",4,3.0,2019
세종,금속 가공제품 제조업; 기계 및 가구 제외,3,2.0,2019
세종,금융업,3,2.0,2019
세종,사업시설 관리 및 조경 서비스업,3,2.0,2019
세종,사회복지 서비스업,3,2.0,2019
세종,부동산업,42,1.1,2019
세종,기타 개인 서비스업,2,1.0,2019
세종,기타 제품 제조업,2,1.0,2019
세종,스포츠 및 오락관련 서비스업,3,0.5,2019
세종,식료품 제조업,9,0.5,2019
세종,사업 지원 서비스업,7,0.4,2019
세종,도매 및 상품 중개업,29,0.2608695652173913,2019
세종,연구개발업,1,0.0,2019
세종,음식점 및 주점업,3,0.0,2019
세종,의료용 물질 및 의약품 제조업,1,0.0,2019
세종,임대업; 부동산 제외,1,0.0,2019
세종,자동차 및 부품 판매업,1,0.0,2019
세종,창고 및 운송관련 서비스업,1,0.0,2019
세종,"컴퓨터 프로그래밍, 시스템 통합 및 관리업",2,0.0,2019
세종,"폐기물 수집, 운반, 처리 및 원료 재생업",1,0.0,2019
세종,협회 및 단체,1,0.0,2019
세종,소매업; 자동차 제외,7,-0.125,2019
세종,종합 건설업,10,-0.16666666666666666,2019
세종,출판업,9,-0.18181818181818182,2019
세종,"건축 기술, 엔지니어링 및 기타 과학기술 서비스업",4,-0.2,2019
세종,비금속 광물제품 제조업,2,-0.3333333333333333,2019
세종,교육 서비스업,2,-0.5,2019
세종,영상ㆍ오디오 기록물 제작 및 배급업,1,-0.5,2019
세종,"전기, 가스, 증기 및 공기 조절 공급업",5,-0.5454545454545454,2019
세종,전문직별 공사업,9,-0.55,2019
세종,기타 기계 및 장비 제조업,1,-0.6666666666666666,2019
세종,정보서비스업,1,-0.6666666666666666,2019
세종,목재 및 나무제품 제조업; 가구 제외,1,,2019
세종,방송업,1,,2019
세종,보건업,1,,2019
세종,비금속광물 광업; 연료용 제외,1,,2019
세종,섬유제품 제조업; 의복 제외,1,,2019
세종,숙박업,1,,2019
세종,우편 및 통신업,1,,2019
세종,"의복, 의복 액세서리 및 모피제품 제조업",2,,2019
세종,"펄프, 종이 및 종이제품 제조업",2,,2019
세종,화학 물질 및 화학제품 제조업; 의약품 제외,3,,2019
울산,비금속 광물제품 제조업,4,3.0,2019
울산,"의복, 의복 액세서리 및 모피제품 제조업",4,3.0,2019
울산,금속 가공제품 제조업; 기계 및 가구 제외,10,2.3333333333333335,2019
울산,금융업,3,2.0,2019
울산,창고 및 운송관련 서비스업,3,2.0,2019
울산,농업,5,1.5,2019
울산,정보서비스업,5,1.5,2019
울산,"의료, 정밀, 광학 기기 및 시계 제조업",2,1.0,2019
울산,고무 및 플라스틱제품 제조업,3,0.5,2019
울산,자동차 및 트레일러 제조업,10,0.42857142857142855,2019
울산,"기타 전문, 과학 및 기술 서비스업",7,0.4,2019
울산,"폐기물 수집, 운반, 처리 및 원료 재생업",4,0.3333333333333333,2019
울산,"건축 기술, 엔지니어링 및 기타 과학기술 서비스업",5,0.25,2019
울산,기타 운송장비 제조업,12,0.2,2019
울산,전문직별 공사업,25,0.19047619047619047,2019
울산,교육 서비스업,9,0.125,2019
울산,식료품 제조업,9,0.125,2019
울산,전문 서비스업,16,0.06666666666666667,2019
울산,부동산업,52,0.061224489795918366,2019
울산,"가죽, 가방 및 신발 제조업",1,0.0,2019
울산,금융 및 보험관련 서비스업,1,0.0,2019
울산,기타 기계 및 장비 제조업,9,0.0,2019
울산,사회복지 서비스업,1,0.0,2019
울산,음식점 및 주점업,6,0.0,2019
울산,전기장비 제조업,3,0.0,2019
울산,종합 건설업,12,0.0,2019
울산,"컴퓨터 프로그래밍, 시스템 통합 및 관리업",1,0.0,2019
울산,출판업,9,-0.1,2019
울산,도매 및 상품 중개업,50,-0.18032786885245902,2019
울산,사업시설 관리 및 조경 서비스업,4,-0.2,2019
울산,협회 및 단체,4,-0.2,2019
울산,육상 운송 및 파이프라인 운송업,3,-0.25,2019
울산,소매업; 자동차 제외,14,-0.3333333333333333,2019
울산,"창작, 예술 및 여가관련 서비스업",2,-0.3333333333333333,2019
울산,기타 제품 제조업,3,-0.4,2019
울산,"전기, 가스, 증기 및 공기 조절 공급업",3,-0.4,2019
울산,자동차 및 부품 판매업,1,-0.5,2019
울산,화학 물질 및 화학제품 제조업; 의약품 제외,1,-0.5,2019
울산,스포츠 및 오락관련 서비스업,1,-0.6666666666666666,2019
울산,연구개발업,1,-0.8,2019
울산,사업 지원 서비스업,3,-0.8235294117647058,2019
울산,개인 및 소비용품 수리업,2,,2019
울산,기타 개인 서비스업,1,,2019
울산,숙박업,1,,2019
울산,영상ㆍ오디오 기록물 제작 및 배급업,1,,2019
울산,인쇄 및 기록매체 복제업,1,,2019
울산,임업,1,,2019
인천,스포츠 및 오락관련 서비스업,16,4.333333333333333,2019
인천,인쇄 및 기록매체 복제업,4,3.0,2019
인천,"컴퓨터 프로그래밍, 시스템 통합 및 관리업",7,2.5,2019
인천,자동차 및 트레일러 제조업,11,1.2,2019
인천,"폐기물 수집, 운반, 처리 및 원료 재생업",7,0.75,2019
인천,식료품 제조업,41,0.64,2019
인천,"가죽, 가방 및 신발 제조업",6,0.5,2019
인천,부동산업,132,0.5,2019
인천,의료용 물질 및 의약품 제조업,3,0.5,2019
인천,도매 및 상품 중개업,447,0.46557377049180326,2019
인천,"건축 기술, 엔지니어링 및 기타 과학기술 서비스업",16,0.45454545454545453,2019
인천,기타 기계 및 장비 제조업,36,0.44,2019
인천,영상ㆍ오디오 기록물 제작 및 배급업,14,0.4,2019
인천,사업시설 관리 및 조경 서비스업,11,0.375,2019
인천,금속 가공제품 제조업; 기계 및 가구 제외,15,0.36363636363636365,2019
인천,개인 및 소비용품 수리업,5,0.25,2019
인천,기타 운송장비 제조업,5,0.25,2019
인천,소매업; 자동차 제외,99,0.2073170731707317,2019
인천,출판업,75,0.19047619047619047,2019
인천,"의복, 의복 액세서리 및 모피제품 제조업",14,0.16666666666666666,2019
인천,정보서비스업,16,0.14285714285714285,2019
인천,기타 제품 제조업,18,0.125,2019
인천,음식점 및 주점업,28,0.07692307692307693,2019
인천,전문 서비스업,82,0.06493506493506493,2019
인천,임대업; 부동산 제외,11,0.0,2019
인천,화학 물질 및 화학제품 제조업; 의약품 제외,31,-0.03125,2019
인천,육상 운송 및 파이프라인 운송업,26,-0.037037037037037035,2019
인천,"기타 전문, 과학 및 기술 서비스업",17,-0.05555555555555555,2019
인천,종합 건설업,35,-0.07894736842105263,2019
인천,가구 제조업,8,-0.1111111111111111,2019
인천,전문직별 공사업,60,-0.11764705882352941,2019
인천,"전자 부품, 컴퓨터, 영상, 음향 및 통신장비 제조업",34,-0.17073170731707318,2019
인천,연구개발업,4,-0.2,2019
인천,창고 및 운송관련 서비스업,24,-0.2,2019
인천,사업 지원 서비스업,66,-0.20481927710843373,2019
인천,교육 서비스업,17,-0.2608695652173913,2019
인천,기타 개인 서비스업,7,-0.3,2019
인천,자동차 및 부품 판매업,28,-0.3,2019
인천,"창작, 예술 및 여가관련 서비스업",4,-0.3333333333333333,2019
인천,금융업,4,-0.42857142857142855,2019
인천,섬유제품 제조업; 의복 제외,4,-0.42857142857142855,2019
인천,전기장비 제조업,12,-0.42857142857142855,2019
인천,협회 및 단체,4,-0.42857142857142855,2019
인천,금융 및 보험관련 서비스업,9,-0.4375,2019
인천,사회복지 서비스업,1,-0.5,2019
인천,숙박업,1,-0.5,2019
인천,"의료, 정밀, 광학 기기 및 시계 제조업",5,-0.5454545454545454,2019
인천,고무 및 플라스틱제품 제조업,7,-0.5625,2019
인천,농업,2,-0.6,2019
인천,비금속 광물제품 제조업,2,-0.6,2019
인천,"펄프, 종이 및 종이제품 제조업",1,-0.6666666666666666,2019
인천,1차 금속 제조업,3,-0.7,2019
인천,"전기, 가스, 증기 및 공기 조절 공급업",2,-0.7142857142857143,2019
인천,보험 및 연금업,1,,2019
인천,산업용 기계 및 장비 수리업,2,,2019
인천,어업,2,,2019
인천,임업,1,,2019
전남,전문 서비스업,25,3.1666666666666665,2019
전남,가구 제조업,4,3.0,2019
전남,사회복지 서비스업,4,3.0,2019
전남,"의복, 의복 액세서리 및 모피제품 제조업",4,3.0,2019
전남,"기타 전문, 과학 및 기술 서비스업",11,2.6666666666666665,2019
전남,1차 금속 제조업,3,2.0,2019
전남,사업시설 관리 및 조경 서비스업,6,2.0,2019
전남,인쇄 및 기록매체 복제업,3,2.0,2019
전남,전기장비 제조업,9,2.0,2019
전남,임업,10,1.5,2019
전남,숙박업,9,1.25,2019
전남,창고 및 운송관련 서비스업,15,1.1428571428571428,2019
전남,기타 개인 서비스업,4,1.0,2019
전남,정보서비스업,7,0.75,2019
전남,소매업; 자동차 제외,38,0.52,2019
전남,비금속광물 광업; 연료용 제외,3,0.5,2019
전남,섬유제품 제조업; 의복 제외,3,0.5,2019
전남,영상ㆍ오디오 기록물 제작 및 배급업,3,0.5,2019
전남,화학 물질 및 화학제품 제조업; 의약품 제외,16,0.45454545454545453,2019
전남,부동산업,64,0.4222222222222222,2019
전남,어업,18,0.38461538461538464,2019
전남,농업,71,0.33962264150943394,2019
전남,자동차 및 부품 판매업,4,0.3333333333333333,2019
전남,"폐기물 수집, 운반, 처리 및 원료 재생업",9,0.2857142857142857,2019
전남,기타 기계 및 장비 제조업,13,0.18181818181818182,2019
전남,식료품 제조업,50,0.16279069767441862,2019
전남,전문직별 공사업,79,0.12857142857142856,2019
전남,개인 및 소비용품 수리업,2,0.0,2019
전남,금속 가공제품 제조업; 기계 및 가구 제외,17,0.0,2019
전남,스포츠 및 오락관련 서비스업,6,0.0,2019
전남,"전자 부품, 컴퓨터, 영상, 음향 및 통신장비 제조업",4,0.0,2019
전남,종합 건설업,36,0.0,2019
전남,음식점 및 주점업,6,-0.14285714285714285,2019
전남,사업 지원 서비스업,16,-0.15789473684210525,2019
전남,출판업,16,-0.15789473684210525,2019
전남,육상 운송 및 파이프라인 운송업,18,-0.18181818181818182,2019
전남,기타 운송장비 제조업,37,-0.1956521739130435,2019
전남,교육 서비스업,8,-0.2,2019
전남,비금속 광물제품 제조업,4,-0.2,2019
전남,임대업; 부동산 제외,4,-0.2,2019
전남,기타 제품 제조업,3,-0.25,2019
전남,"창작, 예술 및 여가관련 서비스업",5,-0.2857142857142857,2019
전남,도매 및 상품 중개업,118,-0.30994152046783624,2019
전남,연구개발업,6,-0.3333333333333333,2019
전남,자동차 및 트레일러 제조업,2,-0.3333333333333333,2019
전남,"건축 기술, 엔지니어링 및 기타 과학기술 서비스업",8,-0.4666666666666667,2019
전남,협회 및 단체,9,-0.47058823529411764,2019
전남,금융 및 보험관련 서비스업,1,-0.5,2019
전남,금융업,1,-0.5,2019
전남,"의료, 정밀, 광학 기기 및 시계 제조업",2,-0.5,2019
전남,음료 제조업,1,-0.6666666666666666,2019
전남,"컴퓨터 프로그래밍, 시스템 통합 및 관리업",1,-0.6666666666666666,2019
전남,고무 및 플라스틱제품 제조업,2,-0.7142857142857143,2019
전남,"전기, 가스, 증기 및 공기 조절 공급업",41,-0.7371794871794872,2019
전남,목재 및 나무제품 제조업; 가구 제외,1,,2019
전남,방송업,1,,2019
전남,수상 운송업,1,,2019
전북,정보서비스업,16,7.0,2019
전북,전기장비 제조업,9,3.5,2019
전북,창고 및 운송관련 서비스업,4,3.0,2019
전북,전문 서비스업,76,2.04,2019
전북,1차 금속 제조업,6,2.0,2019
전북,금융업,4,1.0,2019
전북,목재 및 나무제품 제조업; 가구 제외,2,1.0,2019
전북,연구개발업,6,1.0,2019
전북,인쇄 및 기록매체 복제업,2,1.0,2019
전북,"폐기물 수집, 운반, 처리 및 원료 재생업",2,1.0,2019
전북,"건축 기술, 엔지니어링 및 기타 과학기술 서비스업",12,0.7142857142857143,2019
전북,"기타 전문, 과학 및 기술 서비스업",5,0.6666666666666666,2019
전북,자동차 및 트레일러 제조업,10,0.6666666666666666,2019
전북,소매업; 자동차 제외,54,0.6363636363636364,2019
전북,식료품 제조업,56,0.6,2019
전북,부동산업,90,0.5254237288135594,2019
전북,영상ㆍ오디오 기록물 제작 및 배급업,3,0.5,2019
전북,음식점 및 주점업,12,0.5,2019
전북,협회 및 단체,13,0.4444444444444444,2019
전북,화학 물질 및 화학제품 제조업; 의약품 제외,13,0.4444444444444444,2019
전북,개인 및 소비용품 수리업,4,0.3333333333333333,2019
전북,비금속 광물제품 제조업,4,0.3333333333333333,2019
전북,사회복지 서비스업,5,0.25,2019
전북,자동차 및 부품 판매업,5,0.25,2019
전북,육상 운송 및 파이프라인 운송업,11,0.2222222222222222,2019
전북,종합 건설업,28,0.21739130434782608,2019
전북,임대업; 부동산 제외,8,0.14285714285714285,2019
전북,사업시설 관리 및 조경 서비스업,9,0.125,2019
전북,전문직별 공사업,58,0.07407407407407407,2019
전북,고무 및 플라스틱제품 제조업,6,0.0,2019
전북,기타 운송장비 제조업,3,0.0,2019
전북,기타 제품 제조업,7,0.0,2019
전북,사업 지원 서비스업,16,0.0,2019
전북,숙박업,4,0.0,2019
전북,"창작, 예술 및 여가관련 서비스업",7,0.0,2019
전북,"컴퓨터 프로그래밍, 시스템 통합 및 관리업",3,0.0,2019
전북,"하수, 폐수 및 분뇨 처리업",1,0.0,2019
전북,도매 및 상품 중개업,147,-0.06369426751592357,2019
전북,농업,56,-0.06666666666666667,2019
전북,금속 가공제품 제조업; 기계 및 가구 제외,12,-0.07692307692307693,2019
전북,출판업,15,-0.16666666666666666,2019
전북,"전자 부품, 컴퓨터, 영상, 음향 및 통신장비 제조업",3,-0.25,2019
전북,"전기, 가스, 증기 및 공기 조절 공급업",43,-0.38571428571428573,2019
전북,교육 서비스업,6,-0.4,2019
전북,기타 기계 및 장비 제조업,9,-0.5,2019
전북,"의료, 정밀, 광학 기기 및 시계 제조업",1,-0.5,2019
전북,"의복, 의복 액세서리 및 모피제품 제조업",2,-0.6,2019
전북,임업,2,-0.6,2019
전북,스포츠 및 오락관련 서비스업,1,-0.6666666666666666,2019
전북,금융 및 보험관련 서비스업,2,-0.7142857142857143,2019
전북,기타 개인 서비스업,3,,2019
전북,산업용 기계 및 장비 수리업,2,,2019
전북,우편 및 통신업,1,,2019
전북,음료 제조업,1,,2019
전북,의료용 물질 및 의약품 제조업,1,,2019
전북,환경 정화 및 복원업,1,,2019
제주,금융업,3,2.0,2019
제주,육상 운송 및 파이프라인 운송업,12,2.0,2019
제주,기타 기계 및 장비 제조업,2,1.0,2019
제주,창고 및 운송관련 서비스업,4,1.0,2019
제주,"창작, 예술 및 여가관련 서비스업",6,1.0,2019
제주,"컴퓨터 프로그래밍, 시스템 통합 및 관리업",2,1.0,2019
제주,소매업; 자동차 제외,24,0.8461538461538461,2019
제주,식료품 제조업,23,0.6428571428571429,2019
제주,음식점 및 주점업,21,0.5,2019
제주,화학 물질 및 화학제품 제조업; 의약품 제외,3,0.5,2019
제주,사업 지원 서비스업,38,0.1875,2019
제주,부동산업,50,0.08695652173913043,2019
제주,기타 개인 서비스업,1,0.0,2019
제주,기타 제품 제조업,2,0.0,2019
제주,영상ㆍ오디오 기록물 제작 및 배급업,3,0.0,2019
제주,협회 및 단체,4,0.0,2019
제주,종합 건설업,20,-0.047619047619047616,2019
제주,농업,12,-0.14285714285714285,2019
제주,전문직별 공사업,23,-0.14814814814814814,2019
제주,도매 및 상품 중개업,41,-0.18,2019
제주,사업시설 관리 및 조경 서비스업,4,-0.2,2019
제주,전문 서비스업,11,-0.21428571428571427,2019
제주,"전기, 가스, 증기 및 공기 조절 공급업",11,-0.26666666666666666,2019
제주,출판업,15,-0.2857142857142857,2019
제주,교육 서비스업,8,-0.3333333333333333,2019
제주,사회복지 서비스업,2,-0.3333333333333333,2019
제주,스포츠 및 오락관련 서비스업,4,-0.3333333333333333,2019
제주,임대업; 부동산 제외,2,-0.6,2019
제주,가구 제조업,1,-0.6666666666666666,2019
제주,숙박업,3,-0.7272727272727273,2019
제주,"기타 전문, 과학 및 기술 서비스업",1,-0.75,2019
제주,정보서비스업,1,-0.8333333333333334,2019
제주,"건축 기술, 엔지니어링 및 기타 과학기술 서비스업",2,-0.8571428571428571,2019
제주,금속 가공제품 제조업; 기계 및 가구 제외,1,,2019
제주,금융 및 보험관련 서비스업,3,,2019
제주,비금속 광물제품 제조업,1,,2019
제주,산업용 기계 및 장비 수리업,1,,2019
제주,섬유제품 제조업; 의복 제외,2,,2019
제주,어업,1,,2019
제주,연구개발업,1,,2019
제주,"의료, 정밀, 광학 기기 및 시계 제조업",2,,2019
제주,의료용 물질 및 의약품 제조업,1,,2019
제주,"의복, 의복 액세서리 및 모피제품 제조업",2,,2019
제주,전기장비 제조업,2,,2019
제주,"전자 부품, 컴퓨터, 영상, 음향 및 통신장비 제조업",1,,2019
제주,"폐기물 수집, 운반, 처리 및 원료 재생업",2,,2019
제주,환경 정화 및 복원업,1,,2019
충남,영상ㆍ오디오 기록물 제작 및 배급업,17,4.666666666666667,2019
충남,임업,4,3.0,2019
충남,"기타 전문, 과학 및 기술 서비스업",7,2.5,2019
충남,고무 및 플라스틱제품 제조업,10,2.3333333333333335,2019
충남,기타 개인 서비스업,6,2.0,2019
충남,창고 및 운송관련 서비스업,13,1.6,2019
충남,기타 제품 제조업,15,1.5,2019
충남,목재 및 나무제품 제조업; 가구 제외,5,1.5,2019
충남,사회복지 서비스업,5,1.5,2019
충남,"폐기물 수집, 운반, 처리 및 원료 재생업",15,1.5,2019
충남,"의료, 정밀, 광학 기기 및 시계 제조업",9,1.25,2019
충남,육상 운송 및 파이프라인 운송업,13,1.1666666666666667,2019
충남,숙박업,4,1.0,2019
충남,소매업; 자동차 제외,47,0.88,2019
충남,음식점 및 주점업,15,0.875,2019
충남,연구개발업,9,0.8,2019
충남,교육 서비스업,14,0.75,2019
충남,비금속 광물제품 제조업,7,0.75,2019
충남,정보서비스업,7,0.75,2019
충남,부동산업,109,0.7301587301587301,2019
충남,사업시설 관리 및 조경 서비스업,10,0.6666666666666666,2019
충남,"컴퓨터 프로그래밍, 시스템 통합 및 관리업",5,0.6666666666666666,2019
충남,1차 금속 제조업,6,0.5,2019
충남,농업,47,0.38235294117647056,2019
충남,"건축 기술, 엔지니어링 및 기타 과학기술 서비스업",9,0.2857142857142857,2019
충남,식료품 제조업,42,0.16666666666666666,2019
충남,협회 및 단체,15,0.15384615384615385,2019
충남,화학 물질 및 화학제품 제조업; 의약품 제외,8,0.14285714285714285,2019
충남,전문 서비스업,37,0.12121212121212122,2019
충남,임대업; 부동산 제외,14,0.07692307692307693,2019
충남,출판업,25,0.041666666666666664,2019
충남,금융 및 보험관련 서비스업,3,0.0,2019
충남,음료 제조업,2,0.0,2019
충남,"의복, 의복 액세서리 및 모피제품 제조업",2,0.0,2019
충남,자동차 및 트레일러 제조업,18,0.0,2019
충남,전기장비 제조업,11,0.0,2019
충남,종합 건설업,23,0.0,2019
충남,사업 지원 서비스업,34,-0.05555555555555555,2019
충남,기타 기계 및 장비 제조업,39,-0.09302325581395349,2019
충남,스포츠 및 오락관련 서비스업,6,-0.14285714285714285,2019
충남,전문직별 공사업,56,-0.15151515151515152,2019
충남,"창작, 예술 및 여가관련 서비스업",5,-0.16666666666666666,2019
충남,"전자 부품, 컴퓨터, 영상, 음향 및 통신장비 제조업",23,-0.17857142857142858,2019
충남,개인 및 소비용품 수리업,3,-0.25,2019
충남,어업,3,-0.25,2019
충남,금속 가공제품 제조업; 기계 및 가구 제외,10,-0.3333333333333333,2019
충남,도매 및 상품 중개업,116,-0.33714285714285713,2019
충남,기타 운송장비 제조업,1,-0.5,2019
충남,섬유제품 제조업; 의복 제외,2,-0.6,2019
충남,"전기, 가스, 증기 및 공기 조절 공급업",23,-0.6461538461538462,2019
충남,금융업,2,-0.6666666666666666,2019
충남,자동차 및 부품 판매업,4,-0.6666666666666666,2019
충남,산업용 기계 및 장비 수리업,1,-0.75,2019
충남,"펄프, 종이 및 종이제품 제조업",1,-0.8,2019
충남,가구 제조업,2,,2019
충남,방송업,1,,2019
충남,비금속광물 광업; 연료용 제외,4,,2019
충남,인쇄 및 기록매체 복제업,4,,2019
충북,기타 제품 제조업,9,3.5,2019
충북,영상ㆍ오디오 기록물 제작 및 배급업,4,3.0,2019
충북,"컴퓨터 프로그래밍, 시스템 통합 및 관리업",4,3.0,2019
충북,음식점 및 주점업,13,2.25,2019
충북,전문 서비스업,31,1.3846153846153846,2019
충북,가구 제조업,4,1.0,2019
충북,"가죽, 가방 및 신발 제조업",2,1.0,2019
충북,목재 및 나무제품 제조업; 가구 제외,6,1.0,2019
충북,협회 및 단체,9,0.8,2019
충북,전기장비 제조업,7,0.75,2019
충북,창고 및 운송관련 서비스업,10,0.6666666666666666,2019
충북,금속 가공제품 제조업; 기계 및 가구 제외,17,0.5454545454545454,2019
충북,부동산업,57,0.5405405405405406,2019
충북,비금속광물 광업; 연료용 제외,3,0.5,2019
충북,"기타 전문, 과학 및 기술 서비스업",4,0.3333333333333333,2019
충북,전문직별 공사업,44,0.3333333333333333,2019
충북,자동차 및 트레일러 제조업,5,0.25,2019
충북,소매업; 자동차 제외,26,0.18181818181818182,2019
충북,출판업,17,0.13333333333333333,2019
충북,사업 지원 서비스업,26,0.13043478260869565,2019
충북,비금속 광물제품 제조업,10,0.1111111111111111,2019
충북,종합 건설업,21,0.05,2019
충북,농업,27,0.038461538461538464,2019
충북,식료품 제조업,32,0.03225806451612903,2019
충북,개인 및 소비용품 수리업,1,0.0,2019
충북,기타 개인 서비스업,4,0.0,2019
충북,기타 운송장비 제조업,1,0.0,2019
충북,숙박업,1,0.0,2019
충북,연구개발업,4,0.0,2019
충북,육상 운송 및 파이프라인 운송업,10,0.0,2019
충북,음료 제조업,4,0.0,2019
충북,"의복, 의복 액세서리 및 모피제품 제조업",5,0.0,2019
충북,임대업; 부동산 제외,4,0.0,2019
충북,"창작, 예술 및 여가관련 서비스업",3,0.0,2019
충북,"펄프, 종이 및 종이제품 제조업",2,0.0,2019
충북,교육 서비스업,8,-0.1111111111111111,2019
충북,"의료, 정밀, 광학 기기 및 시계 제조업",4,-0.2,2019
충북,사업시설 관리 및 조경 서비스업,3,-0.25,2019
충북,"건축 기술, 엔지니어링 및 기타 과학기술 서비스업",10,-0.2857142857142857,2019
충북,"폐기물 수집, 운반, 처리 및 원료 재생업",5,-0.2857142857142857,2019
충북,기타 기계 및 장비 제조업,15,-0.3181818181818182,2019
충북,도매 및 상품 중개업,90,-0.3283582089552239,2019
충북,"전자 부품, 컴퓨터, 영상, 음향 및 통신장비 제조업",8,-0.3333333333333333,2019
충북,자동차 및 부품 판매업,3,-0.4,2019
충북,섬유제품 제조업; 의복 제외,1,-0.5,2019
충북,스포츠 및 오락관련 서비스업,5,-0.5,2019
충북,임업,1,-0.5,2019
충북,화학 물질 및 화학제품 제조업; 의약품 제외,12,-0.52,2019
충북,정보서비스업,2,-0.6,2019
충북,고무 및 플라스틱제품 제조업,4,-0.6363636363636364,2019
충북,금융 및 보험관련 서비스업,2,-0.6666666666666666,2019
충북,1차 금속 제조업,3,-0.7,2019
충북,사회복지 서비스업,1,-0.75,2019
충북,"전기, 가스, 증기 및 공기 조절 공급업",9,-0.8163265306122449,2019
충북,방송업,1,,2019
충북,"하수, 폐수 및 분뇨 처리업",2,,2019
강원,임업,7,0.8571428571428571,2020
강원,비금속광물 광업; 연료용 제외,6,0.8333333333333334,2020
강원,"의복, 의복 액세서리 및 모피제품 제조업",4,0.75,2020
강원,"건축 기술, 엔지니어링 및 기타 과학기술 서비스업",11,0.6363636363636364,2020
강원,기타 제품 제조업,10,0.6,2020
강원,협회 및 단체,18,0.5555555555555556,2020
강원,금융 및 보험관련 서비스업,2,0.5,2020
강원,숙박업,6,0.5,2020
강원,음식점 및 주점업,12,0.5,2020
강원,창고 및 운송관련 서비스업,2,0.5,2020
강원,화학 물질 및 화학제품 제조업; 의약품 제외,6,0.5,2020
강원,영상ㆍ오디오 기록물 제작 및 배급업,7,0.42857142857142855,2020
강원,전문 서비스업,21,0.42857142857142855,2020
강원,종합 건설업,32,0.34375,2020
강원,금속 가공제품 제조업; 기계 및 가구 제외,3,0.3333333333333333,2020
강원,기타 기계 및 장비 제조업,6,0.3333333333333333,2020
강원,"기타 전문, 과학 및 기술 서비스업",9,0.3333333333333333,2020
강원,도매 및 상품 중개업,124,0.31451612903225806,2020
강원,부동산업,62,0.2903225806451613,2020
강원,비금속 광물제품 제조업,8,0.25,2020
강원,자동차 및 부품 판매업,8,0.25,2020
강원,농업,41,0.21951219512195122,2020
강원,"의료, 정밀, 광학 기기 및 시계 제조업",5,0.2,2020
강원,식료품 제조업,29,0.1724137931034483,2020
강원,사업 지원 서비스업,16,0.125,2020
강원,전문직별 공사업,48,0.08333333333333333,2020
강원,출판업,21,0.047619047619047616,2020
강원,기타 운송장비 제조업,1,0.0,2020
강원,연구개발업,3,0.0,2020
강원,음료 제조업,2,0.0,2020
강원,자동차 및 트레일러 제조업,2,0.0,2020
강원,정보서비스업,4,0.0,2020
강원,소매업; 자동차 제외,41,-0.04878048780487805,2020
강원,임대업; 부동산 제외,6,-0.16666666666666666,2020
강원,기타 개인 서비스업,2,-0.5,2020
강원,"전자 부품, 컴퓨터, 영상, 음향 및 통신장비 제조업",2,-0.5,2020
강원,교육 서비스업,5,-1.0,2020
강원,스포츠 및 오락관련 서비스업,2,-1.0,2020
강원,"전기, 가스, 증기 및 공기 조절 공급업",20,-1.0,2020
강원,전기장비 제조업,1,-1.0,2020
강원,어업,1,-2.0,2020
강원,"창작, 예술 및 여가관련 서비스업",2,-4.0,2020
강원,1차 금속 제조업,2,,2020
강원,가구 제조업,2,,2020
강원,"가죽, 가방 및 신발 제조업",1,,2020
강원,개인 및 소비용품 수리업,1,,2020
강원,금융업,1,,2020
강원,사업시설 관리 및 조경 서비스업,6,,2020
강원,사회복지 서비스업,2,,2020
강원,산업용 기계 및 장비 수리업,1,,2020
강원,섬유제품 제조업; 의복 제외,1,,2020
강원,수상 운송업,1,,2020
강원,우편 및 통신업,2,,2020
강원,육상 운송 및 파이프라인 운송업,3,,2020
강원,의료용 물질 및 의약품 제조업,5,,2020
강원,"컴퓨터 프로그래밍, 시스템 통합 및 관리업",3,,2020
강원,"펄프, 종이 및 종이제품 제조업",1,,2020
경기,의료용 물질 및 의약품 제조업,102,0.9117647058823529,2020
경기,숙박업,22,0.5,2020
경기,어업,4,0.5,2020
경기,우편 및 통신업,12,0.5,2020
경기,섬유제품 제조업; 의복 제외,64,0.46875,2020
경기,음료 제조업,13,0.46153846153846156,2020
경기,"컴퓨터 프로그래밍, 시스템 통합 및 관리업",65,0.46153846153846156,2020
경기,사회복지 서비스업,24,0.4583333333333333,2020
경기,소매업; 자동차 제외,894,0.3926174496644295,2020
경기,정보서비스업,181,0.3756906077348066,2020
경기,임대업; 부동산 제외,62,0.3387096774193548,2020
경기,보건업,3,0.3333333333333333,2020
경기,"펄프, 종이 및 종이제품 제조업",33,0.3333333333333333,2020
경기,"건축 기술, 엔지니어링 및 기타 과학기술 서비스업",91,0.32967032967032966,2020
경기,사업시설 관리 및 조경 서비스업,88,0.32954545454545453,2020
경기,자동차 및 부품 판매업,122,0.319672131147541,2020
경기,전문 서비스업,612,0.2973856209150327,2020
경기,기타 개인 서비스업,37,0.2702702702702703,2020
경기,기타 제품 제조업,129,0.24031007751937986,2020
경기,교육 서비스업,166,0.23493975903614459,2020
경기,협회 및 단체,51,0.21568627450980393,2020
경기,"기타 전문, 과학 및 기술 서비스업",130,0.2,2020
경기,음식점 및 주점업,157,0.19745222929936307,2020
경기,종합 건설업,239,0.18410041841004185,2020
경기,연구개발업,40,0.175,2020
경기,도매 및 상품 중개업,2154,0.16945218198700093,2020
경기,농업,95,0.16842105263157894,2020
경기,방송업,12,0.16666666666666666,2020
경기,부동산업,1391,0.16103522645578722,2020
경기,창고 및 운송관련 서비스업,77,0.15584415584415584,2020
경기,출판업,566,0.14840989399293286,2020
경기,식료품 제조업,274,0.13503649635036497,2020
경기,"의복, 의복 액세서리 및 모피제품 제조업",90,0.1,2020
경기,기타 기계 및 장비 제조업,218,0.0871559633027523,2020
경기,1차 금속 제조업,47,0.0851063829787234,2020
경기,가구 제조업,60,0.08333333333333333,2020
경기,"의료, 정밀, 광학 기기 및 시계 제조업",66,0.07575757575757576,2020
경기,화학 물질 및 화학제품 제조업; 의약품 제외,144,0.0625,2020
경기,고무 및 플라스틱제품 제조업,65,0.06153846153846154,2020
경기,비금속 광물제품 제조업,17,0.058823529411764705,2020
경기,개인 및 소비용품 수리업,22,0.045454545454545456,2020
경기,"전기, 가스, 증기 및 공기 조절 공급업",35,0.02857142857142857,2020
경기,금융 및 보험관련 서비스업,75,0.02666666666666667,2020
경기,스포츠 및 오락관련 서비스업,64,0.0,2020
경기,"코크스, 연탄 및 석유정제품 제조업",1,0.0,2020
경기,전기장비 제조업,120,-0.008333333333333333,2020
경기,육상 운송 및 파이프라인 운송업,75,-0.013333333333333334,2020
경기,사업 지원 서비스업,313,-0.022364217252396165,2020
경기,"전자 부품, 컴퓨터, 영상, 음향 및 통신장비 제조업",280,-0.03214285714285714,2020
경기,영상ㆍ오디오 기록물 제작 및 배급업,94,-0.07446808510638298,2020
경기,기타 운송장비 제조업,12,-0.08333333333333333,2020
경기,전문직별 공사업,274,-0.08759124087591241,2020
경기,"가죽, 가방 및 신발 제조업",19,-0.10526315789473684,2020
경기,"창작, 예술 및 여가관련 서비스업",27,-0.2222222222222222,2020
경기,자동차 및 트레일러 제조업,58,-0.27586206896551724,2020
경기,인쇄 및 기록매체 복제업,17,-0.29411764705882354,2020
경기,금속 가공제품 제조업; 기계 및 가구 제외,63,-0.3968253968253968,2020
경기,"폐기물 수집, 운반, 처리 및 원료 재생업",31,-0.45161290322580644,2020
경기,목재 및 나무제품 제조업; 가구 제외,8,-0.5,2020
경기,금융업,44,-0.5909090909090909,2020
경기,비금속광물 광업; 연료용 제외,3,-1.3333333333333333,2020
경기,산업용 기계 및 장비 수리업,2,-2.0,2020
경기,임업,1,-2.0,2020
경기,광업 지원 서비스업,2,,2020
경기,금속 광업,1,,2020
경기,"석탄, 원유 및 천연가스 광업",1,,2020
경기,수상 운송업,1,,2020
경남,의료용 물질 및 의약품 제조업,9,0.7777777777777778,2020
경남,영상ㆍ오디오 기록물 제작 및 배급업,6,0.6666666666666666,2020
경남,가구 제조업,8,0.625,2020
경남,스포츠 및 오락관련 서비스업,16,0.625,2020
경남,임대업; 부동산 제외,13,0.6153846153846154,2020
경남,교육 서비스업,25,0.6,2020
경남,협회 및 단체,24,0.5,2020
경남,금융업,7,0.42857142857142855,2020
경남,기타 제품 제조업,14,0.42857142857142855,2020
경남,"전자 부품, 컴퓨터, 영상, 음향 및 통신장비 제조업",12,0.4166666666666667,2020
경남,출판업,32,0.34375,2020
경남,"기타 전문, 과학 및 기술 서비스업",9,0.3333333333333333,2020
경남,임업,6,0.3333333333333333,2020
경남,"펄프, 종이 및 종이제품 제조업",6,0.3333333333333333,2020
경남,농업,44,0.3181818181818182,2020
경남,부동산업,123,0.3089430894308943,2020
경남,소매업; 자동차 제외,66,0.25757575757575757,2020
경남,기타 개인 서비스업,4,0.25,2020
경남,목재 및 나무제품 제조업; 가구 제외,4,0.25,2020
경남,"컴퓨터 프로그래밍, 시스템 통합 및 관리업",4,0.25,2020
경남,"건축 기술, 엔지니어링 및 기타 과학기술 서비스업",13,0.23076923076923078,2020
경남,전문 서비스업,32,0.21875,2020
경남,사업시설 관리 및 조경 서비스업,15,0.2,2020
경남,"의료, 정밀, 광학 기기 및 시계 제조업",11,0.18181818181818182,2020
경남,숙박업,6,0.16666666666666666,2020
경남,사업 지원 서비스업,21,0.14285714285714285,2020
경남,연구개발업,7,0.14285714285714285,2020
경남,종합 건설업,43,0.13953488372093023,2020
경남,전문직별 공사업,82,0.13414634146341464,2020
경남,자동차 및 부품 판매업,9,0.1111111111111111,2020
경남,전기장비 제조업,14,0.07142857142857142,2020
경남,도매 및 상품 중개업,167,0.041916167664670656,2020
경남,음식점 및 주점업,26,0.038461538461538464,2020
경남,사회복지 서비스업,4,0.0,2020
경남,음료 제조업,1,0.0,2020
경남,금속 가공제품 제조업; 기계 및 가구 제외,21,-0.047619047619047616,2020
경남,기타 운송장비 제조업,32,-0.0625,2020
경남,정보서비스업,8,-0.125,2020
경남,고무 및 플라스틱제품 제조업,7,-0.14285714285714285,2020
경남,기타 기계 및 장비 제조업,38,-0.21052631578947367,2020
경남,섬유제품 제조업; 의복 제외,4,-0.25,2020
경남,"창작, 예술 및 여가관련 서비스업",4,-0.25,2020
경남,자동차 및 트레일러 제조업,12,-0.4166666666666667,2020
경남,"폐기물 수집, 운반, 처리 및 원료 재생업",9,-0.4444444444444444,2020
경남,금융 및 보험관련 서비스업,4,-0.5,2020
경남,"의복, 의복 액세서리 및 모피제품 제조업",2,-0.5,2020
경남,창고 및 운송관련 서비스업,6,-0.5,2020
경남,1차 금속 제조업,7,-0.5714285714285714,2020
경남,어업,3,-0.6666666666666666,2020
경남,화학 물질 및 화학제품 제조업; 의약품 제외,6,-0.6666666666666666,2020
경남,비금속 광물제품 제조업,2,-1.0,2020
경남,산업용 기계 및 장비 수리업,1,-1.0,2020
경남,식료품 제조업,27,-1.0,2020
경남,육상 운송 및 파이프라인 운송업,11,-1.4545454545454546,2020
경남,개인 및 소비용품 수리업,1,-2.0,2020
경남,방송업,1,-2.0,2020
경남,인쇄 및 기록매체 복제업,1,-2.0,2020
경남,"전기, 가스, 증기 및 공기 조절 공급업",9,-2.3333333333333335,2020
경남,보건업,1,,2020
경남,비금속광물 광업; 연료용 제외,2,,2020
경남,우편 및 통신업,1,,2020
경남,"코크스, 연탄 및 석유정제품 제조업",1,,2020
경북,기타 제품 제조업,14,0.5714285714285714,2020
경북,숙박업,7,0.5714285714285714,2020
경북,스포츠 및 오락관련 서비스업,7,0.5714285714285714,2020
경북,협회 및 단체,24,0.5416666666666666,2020
경북,금융 및 보험관련 서비스업,2,0.5,2020
경북,비금속광물 광업; 연료용 제외,6,0.5,2020
경북,어업,2,0.5,2020
경북,섬유제품 제조업; 의복 제외,13,0.46153846153846156,2020
경북,임대업; 부동산 제외,13,0.46153846153846156,2020
경북,부동산업,104,0.4326923076923077,2020
경북,자동차 및 부품 판매업,10,0.4,2020
경북,"펄프, 종이 및 종이제품 제조업",5,0.4,2020
경북,"기타 전문, 과학 및 기술 서비스업",13,0.38461538461538464,2020
경북,사업시설 관리 및 조경 서비스업,17,0.35294117647058826,2020
경북,"건축 기술, 엔지니어링 및 기타 과학기술 서비스업",12,0.3333333333333333,2020
경북,연구개발업,6,0.3333333333333333,2020
경북,음료 제조업,6,0.3333333333333333,2020
경북,영상ㆍ오디오 기록물 제작 및 배급업,7,0.2857142857142857,2020
경북,출판업,28,0.2857142857142857,2020
경북,소매업; 자동차 제외,56,0.26785714285714285,2020
경북,개인 및 소비용품 수리업,4,0.25,2020
경북,전문 서비스업,43,0.20930232558139536,2020
경북,"전자 부품, 컴퓨터, 영상, 음향 및 통신장비 제조업",25,0.2,2020
경북,"전기, 가스, 증기 및 공기 조절 공급업",30,0.13333333333333333,2020
경북,"폐기물 수집, 운반, 처리 및 원료 재생업",10,0.1,2020
경북,기타 개인 서비스업,2,0.0,2020
경북,목재 및 나무제품 제조업; 가구 제외,2,0.0,2020
경북,보건업,2,0.0,2020
경북,비금속 광물제품 제조업,4,0.0,2020
경북,식료품 제조업,51,0.0,2020
경북,음식점 및 주점업,9,0.0,2020
경북,전기장비 제조업,8,0.0,2020
경북,기타 기계 및 장비 제조업,29,-0.034482758620689655,2020
경북,도매 및 상품 중개업,145,-0.11724137931034483,2020
경북,종합 건설업,30,-0.13333333333333333,2020
경북,화학 물질 및 화학제품 제조업; 의약품 제외,15,-0.13333333333333333,2020
경북,농업,62,-0.1774193548387097,2020
경북,전문직별 공사업,60,-0.3,2020
경북,사업 지원 서비스업,25,-0.32,2020
경북,창고 및 운송관련 서비스업,3,-0.3333333333333333,2020
경북,교육 서비스업,11,-0.36363636363636365,2020
경북,자동차 및 트레일러 제조업,16,-0.375,2020
경북,사회복지 서비스업,4,-0.5,2020
경북,"의복, 의복 액세서리 및 모피제품 제조업",2,-0.5,2020
경북,"창작, 예술 및 여가관련 서비스업",4,-0.5,2020
경북,고무 및 플라스틱제품 제조업,5,-0.6,2020
경북,임업,4,-0.75,2020
경북,가구 제조업,1,-1.0,2020
경북,기타 운송장비 제조업,2,-1.0,2020
경북,"의료, 정밀, 광학 기기 및 시계 제조업",8,-1.0,2020
경북,"컴퓨터 프로그래밍, 시스템 통합 및 관리업",2,-1.0,2020
경북,육상 운송 및 파이프라인 운송업,5,-1.2,2020
경북,금속 가공제품 제조업; 기계 및 가구 제외,6,-2.0,2020
경북,1차 금속 제조업,2,-3.5,2020
경북,정보서비스업,1,-9.0,2020
경북,금융업,3,,2020
경북,우편 및 통신업,4,,2020
경북,의료용 물질 및 의약품 제조업,16,,2020
경북,환경 정화 및 복원업,1,,2020
광주,섬유제품 제조업; 의복 제외,5,0.8,2020
광주,"컴퓨터 프로그래밍, 시스템 통합 및 관리업",6,0.6666666666666666,2020
광주,음식점 및 주점업,29,0.6551724137931034,2020
광주,협회 및 단체,13,0.6153846153846154,2020
광주,종합 건설업,54,0.5185185185185185,2020
광주,기타 운송장비 제조업,2,0.5,2020
광주,의료용 물질 및 의약품 제조업,4,0.5,2020
광주,사업시설 관리 및 조경 서비스업,11,0.45454545454545453,2020
광주,소매업; 자동차 제외,135,0.42962962962962964,2020
광주,스포츠 및 오락관련 서비스업,7,0.42857142857142855,2020
광주,금융업,3,0.3333333333333333,2020
광주,전문직별 공사업,88,0.2727272727272727,2020
광주,금융 및 보험관련 서비스업,13,0.23076923076923078,2020
광주,비금속 광물제품 제조업,6,0.16666666666666666,2020
광주,교육 서비스업,13,0.15384615384615385,2020
광주,금속 가공제품 제조업; 기계 및 가구 제외,7,0.14285714285714285,2020
광주,자동차 및 부품 판매업,16,0.125,2020
광주,전문 서비스업,48,0.08333333333333333,2020
광주,도매 및 상품 중개업,242,0.06198347107438017,2020
광주,"전자 부품, 컴퓨터, 영상, 음향 및 통신장비 제조업",19,0.05263157894736842,2020
광주,개인 및 소비용품 수리업,2,0.0,2020
광주,기타 제품 제조업,11,0.0,2020
광주,목재 및 나무제품 제조업; 가구 제외,2,0.0,2020
광주,우편 및 통신업,1,0.0,2020
광주,음료 제조업,1,0.0,2020
광주,임대업; 부동산 제외,4,0.0,2020
광주,"창작, 예술 및 여가관련 서비스업",3,0.0,2020
광주,출판업,31,0.0,2020
광주,부동산업,134,-0.09701492537313433,2020
광주,자동차 및 트레일러 제조업,9,-0.1111111111111111,2020
광주,식료품 제조업,31,-0.16129032258064516,2020
광주,육상 운송 및 파이프라인 운송업,11,-0.18181818181818182,2020
광주,"의료, 정밀, 광학 기기 및 시계 제조업",4,-0.25,2020
광주,"기타 전문, 과학 및 기술 서비스업",18,-0.2777777777777778,2020
광주,연구개발업,3,-0.3333333333333333,2020
광주,"의복, 의복 액세서리 및 모피제품 제조업",5,-0.4,2020
광주,기타 기계 및 장비 제조업,12,-0.4166666666666667,2020
광주,인쇄 및 기록매체 복제업,2,-0.5,2020
광주,전기장비 제조업,11,-0.5454545454545454,2020
광주,숙박업,3,-0.6666666666666666,2020
광주,고무 및 플라스틱제품 제조업,7,-0.7142857142857143,2020
광주,사업 지원 서비스업,18,-0.7222222222222222,2020
광주,농업,44,-0.7727272727272727,2020
광주,정보서비스업,5,-0.8,2020
광주,방송업,1,-1.0,2020
광주,영상ㆍ오디오 기록물 제작 및 배급업,2,-1.0,2020
광주,"전기, 가스, 증기 및 공기 조절 공급업",28,-1.0714285714285714,2020
광주,"건축 기술, 엔지니어링 및 기타 과학기술 서비스업",6,-1.3333333333333333,2020
광주,기타 개인 서비스업,1,-5.0,2020
광주,화학 물질 및 화학제품 제조업; 의약품 제외,2,-5.0,2020
광주,1차 금속 제조업,1,,2020
광주,보건업,3,,2020
광주,산업용 기계 및 장비 수리업,1,,2020
광주,"폐기물 수집, 운반, 처리 및 원료 재생업",3,,2020
대구,의료용 물질 및 의약품 제조업,8,0.875,2020
대구,개인 및 소비용품 수리업,4,0.75,2020
대구,"폐기물 수집, 운반, 처리 및 원료 재생업",7,0.7142857142857143,2020
대구,육상 운송 및 파이프라인 운송업,10,0.7,2020
대구,"펄프, 종이 및 종이제품 제조업",6,0.6666666666666666,2020
대구,고무 및 플라스틱제품 제조업,2,0.5,2020
대구,금속 가공제품 제조업; 기계 및 가구 제외,6,0.5,2020
대구,영상ㆍ오디오 기록물 제작 및 배급업,8,0.5,2020
대구,우편 및 통신업,2,0.5,2020
대구,교육 서비스업,27,0.48148148148148145,2020
대구,소매업; 자동차 제외,91,0.46153846153846156,2020
대구,섬유제품 제조업; 의복 제외,14,0.42857142857142855,2020
대구,협회 및 단체,12,0.4166666666666667,2020
대구,식료품 제조업,39,0.41025641025641024,2020
대구,금융업,10,0.4,2020
대구,금융 및 보험관련 서비스업,8,0.375,2020
대구,연구개발업,7,0.2857142857142857,2020
대구,사업시설 관리 및 조경 서비스업,10,0.2,2020
대구,부동산업,181,0.16574585635359115,2020
대구,전문 서비스업,71,0.15492957746478872,2020
대구,기타 제품 제조업,14,0.14285714285714285,2020
대구,전문직별 공사업,35,0.14285714285714285,2020
대구,출판업,53,0.018867924528301886,2020
대구,1차 금속 제조업,4,0.0,2020
대구,"가죽, 가방 및 신발 제조업",1,0.0,2020
대구,목재 및 나무제품 제조업; 가구 제외,1,0.0,2020
대구,어업,1,0.0,2020
대구,인쇄 및 기록매체 복제업,1,0.0,2020
대구,도매 및 상품 중개업,214,-0.04205607476635514,2020
대구,자동차 및 부품 판매업,10,-0.1,2020
대구,"건축 기술, 엔지니어링 및 기타 과학기술 서비스업",8,-0.125,2020
대구,전기장비 제조업,6,-0.16666666666666666,2020
대구,정보서비스업,12,-0.16666666666666666,2020
대구,기타 개인 서비스업,4,-0.25,2020
대구,사회복지 서비스업,4,-0.25,2020
대구,자동차 및 트레일러 제조업,8,-0.25,2020
대구,"전기, 가스, 증기 및 공기 조절 공급업",7,-0.2857142857142857,2020
대구,사업 지원 서비스업,24,-0.4166666666666667,2020
대구,창고 및 운송관련 서비스업,2,-0.5,2020
대구,"창작, 예술 및 여가관련 서비스업",4,-0.5,2020
대구,화학 물질 및 화학제품 제조업; 의약품 제외,6,-0.5,2020
대구,종합 건설업,27,-0.5555555555555556,2020
대구,스포츠 및 오락관련 서비스업,5,-0.6,2020
대구,"기타 전문, 과학 및 기술 서비스업",8,-0.625,2020
대구,기타 기계 및 장비 제조업,12,-0.6666666666666666,2020
대구,음식점 및 주점업,12,-0.75,2020
대구,임대업; 부동산 제외,4,-0.75,2020
대구,"컴퓨터 프로그래밍, 시스템 통합 및 관리업",2,-1.0,2020
대구,"전자 부품, 컴퓨터, 영상, 음향 및 통신장비 제조업",5,-1.6,2020
대구,가구 제조업,1,-2.0,2020
대구,"의복, 의복 액세서리 및 모피제품 제조업",4,-2.0,2020
대구,농업,4,-2.25,2020
대구,"의료, 정밀, 광학 기기 및 시계 제조업",2,-5.0,2020
대구,숙박업,1,,2020
대전,비금속 광물제품 제조업,3,0.6666666666666666,2020
대전,숙박업,3,0.6666666666666666,2020
대전,의료용 물질 및 의약품 제조업,3,0.6666666666666666,2020
대전,임대업; 부동산 제외,6,0.6666666666666666,2020
대전,"건축 기술, 엔지니어링 및 기타 과학기술 서비스업",10,0.6,2020
대전,기타 개인 서비스업,7,0.5714285714285714,2020
대전,목재 및 나무제품 제조업; 가구 제외,2,0.5,2020
대전,"창작, 예술 및 여가관련 서비스업",8,0.5,2020
대전,"컴퓨터 프로그래밍, 시스템 통합 및 관리업",10,0.5,2020
대전,"폐기물 수집, 운반, 처리 및 원료 재생업",2,0.5,2020
대전,기타 제품 제조업,17,0.47058823529411764,2020
대전,소매업; 자동차 제외,83,0.43373493975903615,2020
대전,"의복, 의복 액세서리 및 모피제품 제조업",5,0.4,2020
대전,기타 기계 및 장비 제조업,18,0.3888888888888889,2020
대전,정보서비스업,21,0.38095238095238093,2020
대전,"기타 전문, 과학 및 기술 서비스업",16,0.375,2020
대전,부동산업,131,0.3053435114503817,2020
대전,금융업,7,0.2857142857142857,2020
대전,"전기, 가스, 증기 및 공기 조절 공급업",34,0.2647058823529412,2020
대전,금융 및 보험관련 서비스업,4,0.25,2020
대전,전문 서비스업,44,0.25,2020
대전,연구개발업,9,0.2222222222222222,2020
대전,창고 및 운송관련 서비스업,5,0.2,2020
대전,출판업,61,0.18032786885245902,2020
대전,사업시설 관리 및 조경 서비스업,6,0.16666666666666666,2020
대전,교육 서비스업,15,0.13333333333333333,2020
대전,음식점 및 주점업,15,0.06666666666666667,2020
대전,가구 제조업,1,0.0,2020
대전,금속 가공제품 제조업; 기계 및 가구 제외,5,0.0,2020
대전,기타 운송장비 제조업,1,0.0,2020
대전,도매 및 상품 중개업,136,0.0,2020
대전,방송업,2,0.0,2020
대전,인쇄 및 기록매체 복제업,1,0.0,2020
대전,"전자 부품, 컴퓨터, 영상, 음향 및 통신장비 제조업",10,0.0,2020
대전,환경 정화 및 복원업,1,0.0,2020
대전,식료품 제조업,27,-0.037037037037037035,2020
대전,전문직별 공사업,36,-0.05555555555555555,2020
대전,육상 운송 및 파이프라인 운송업,7,-0.14285714285714285,2020
대전,종합 건설업,20,-0.15,2020
대전,협회 및 단체,9,-0.2222222222222222,2020
대전,자동차 및 부품 판매업,16,-0.25,2020
대전,화학 물질 및 화학제품 제조업; 의약품 제외,10,-0.4,2020
대전,"의료, 정밀, 광학 기기 및 시계 제조업",11,-0.45454545454545453,2020
대전,사업 지원 서비스업,15,-0.5333333333333333,2020
대전,전기장비 제조업,7,-0.7142857142857143,2020
대전,농업,6,-1.0,2020
대전,사회복지 서비스업,2,-1.0,2020
대전,스포츠 및 오락관련 서비스업,4,-1.25,2020
대전,섬유제품 제조업; 의복 제외,1,-4.0,2020
대전,개인 및 소비용품 수리업,1,,2020
대전,고무 및 플라스틱제품 제조업,1,,2020
대전,보험 및 연금업,1,,2020
대전,비금속광물 광업; 연료용 제외,1,,2020
대전,산업용 기계 및 장비 수리업,1,,2020
대전,어업,1,,2020
대전,영상ㆍ오디오 기록물 제작 및 배급업,10,,2020
대전,우편 및 통신업,1,,2020
대전,"펄프, 종이 및 종이제품 제조업",1,,2020
대전,"하수, 폐수 및 분뇨 처리업",1,,2020
부산,개인 및 소비용품 수리업,3,0.6666666666666666,2020
부산,"컴퓨터 프로그래밍, 시스템 통합 및 관리업",17,0.6470588235294118,2020
부산,의료용 물질 및 의약품 제조업,7,0.5714285714285714,2020
부산,임대업; 부동산 제외,14,0.5714285714285714,2020
부산,섬유제품 제조업; 의복 제외,6,0.5,2020
부산,"전기, 가스, 증기 및 공기 조절 공급업",10,0.5,2020
부산,소매업; 자동차 제외,165,0.46060606060606063,2020
부산,"의복, 의복 액세서리 및 모피제품 제조업",18,0.4444444444444444,2020
부산,전문 서비스업,138,0.42028985507246375,2020
부산,전문직별 공사업,114,0.39473684210526316,2020
부산,기타 제품 제조업,22,0.36363636363636365,2020
부산,금속 가공제품 제조업; 기계 및 가구 제외,17,0.29411764705882354,2020
부산,협회 및 단체,11,0.2727272727272727,2020
부산,자동차 및 부품 판매업,15,0.26666666666666666,2020
부산,가구 제조업,8,0.25,2020
부산,농업,8,0.25,2020
부산,식료품 제조업,54,0.2222222222222222,2020
부산,"폐기물 수집, 운반, 처리 및 원료 재생업",5,0.2,2020
부산,"기타 전문, 과학 및 기술 서비스업",17,0.17647058823529413,2020
부산,전기장비 제조업,12,0.16666666666666666,2020
부산,정보서비스업,31,0.16129032258064516,2020
부산,출판업,75,0.16,2020
부산,도매 및 상품 중개업,376,0.14627659574468085,2020
부산,숙박업,9,0.1111111111111111,2020
부산,교육 서비스업,24,0.08333333333333333,2020
부산,영상ㆍ오디오 기록물 제작 및 배급업,12,0.08333333333333333,2020
부산,기타 운송장비 제조업,15,0.0,2020
부산,부동산업,259,0.0,2020
부산,수상 운송업,4,0.0,2020
부산,어업,1,0.0,2020
부산,자동차 및 트레일러 제조업,8,0.0,2020
부산,화학 물질 및 화학제품 제조업; 의약품 제외,12,0.0,2020
부산,기타 기계 및 장비 제조업,23,-0.043478260869565216,2020
부산,금융 및 보험관련 서비스업,14,-0.07142857142857142,2020
부산,스포츠 및 오락관련 서비스업,8,-0.125,2020
부산,"가죽, 가방 및 신발 제조업",7,-0.14285714285714285,2020
부산,1차 금속 제조업,6,-0.16666666666666666,2020
부산,사업시설 관리 및 조경 서비스업,10,-0.2,2020
부산,종합 건설업,57,-0.21052631578947367,2020
부산,기타 개인 서비스업,8,-0.25,2020
부산,산업용 기계 및 장비 수리업,4,-0.25,2020
부산,"의료, 정밀, 광학 기기 및 시계 제조업",12,-0.25,2020
부산,연구개발업,7,-0.2857142857142857,2020
부산,음식점 및 주점업,28,-0.2857142857142857,2020
부산,금융업,6,-0.3333333333333333,2020
부산,"전자 부품, 컴퓨터, 영상, 음향 및 통신장비 제조업",8,-0.375,2020
부산,"펄프, 종이 및 종이제품 제조업",2,-0.5,2020
부산,"건축 기술, 엔지니어링 및 기타 과학기술 서비스업",10,-0.6,2020
부산,육상 운송 및 파이프라인 운송업,19,-0.631578947368421,2020
부산,비금속 광물제품 제조업,3,-0.6666666666666666,2020
부산,사업 지원 서비스업,28,-0.7142857142857143,2020
부산,고무 및 플라스틱제품 제조업,3,-1.0,2020
부산,창고 및 운송관련 서비스업,10,-1.2,2020
부산,사회복지 서비스업,6,-1.6666666666666667,2020
부산,우편 및 통신업,1,-2.0,2020
부산,"창작, 예술 및 여가관련 서비스업",4,-2.0,2020
부산,방송업,1,,2020
부산,비금속광물 광업; 연료용 제외,2,,2020
부산,음료 제조업,2,,2020
부산,인쇄 및 기록매체 복제업,4,,2020
부산,임업,1,,2020
서울,의료용 물질 및 의약품 제조업,38,0.6052631578947368,2020
서울,고무 및 플라스틱제품 제조업,21,0.5714285714285714,2020
서울,기타 운송장비 제조업,7,0.5714285714285714,2020
서울,농업,30,0.5666666666666667,2020
서울,"펄프, 종이 및 종이제품 제조업",11,0.5454545454545454,2020
서울,"폐기물 수집, 운반, 처리 및 원료 재생업",12,0.5,2020
서울,협회 및 단체,80,0.4125,2020
서울,자동차 및 트레일러 제조업,17,0.35294117647058826,2020
서울,1차 금속 제조업,3,0.3333333333333333,2020
서울,"가죽, 가방 및 신발 제조업",38,0.3157894736842105,2020
서울,기타 제품 제조업,109,0.29357798165137616,2020
서울,개인 및 소비용품 수리업,20,0.25,2020
서울,"의료, 정밀, 광학 기기 및 시계 제조업",52,0.23076923076923078,2020
서울,종합 건설업,120,0.175,2020
서울,섬유제품 제조업; 의복 제외,41,0.17073170731707318,2020
서울,사업시설 관리 및 조경 서비스업,45,0.15555555555555556,2020
서울,"의복, 의복 액세서리 및 모피제품 제조업",246,0.15447154471544716,2020
서울,식료품 제조업,197,0.1319796954314721,2020
서울,소매업; 자동차 제외,1077,0.1309192200557103,2020
서울,숙박업,17,0.11764705882352941,2020
서울,"건축 기술, 엔지니어링 및 기타 과학기술 서비스업",80,0.1125,2020
서울,영상ㆍ오디오 기록물 제작 및 배급업,314,0.09872611464968153,2020
서울,"컴퓨터 프로그래밍, 시스템 통합 및 관리업",101,0.0891089108910891,2020
서울,우편 및 통신업,13,0.07692307692307693,2020
서울,출판업,1347,0.06755753526354863,2020
서울,교육 서비스업,255,0.06274509803921569,2020
서울,도매 및 상품 중개업,2318,0.05651423641069888,2020
서울,연구개발업,58,0.05172413793103448,2020
서울,전문 서비스업,1172,0.027303754266211604,2020
서울,기타 개인 서비스업,39,0.02564102564102564,2020
서울,"기타 전문, 과학 및 기술 서비스업",355,0.016901408450704224,2020
서울,금융 및 보험관련 서비스업,715,0.009790209790209791,2020
서울,전문직별 공사업,178,0.0056179775280898875,2020
서울,비금속 광물제품 제조업,6,0.0,2020
서울,임업,2,0.0,2020
서울,항공 운송업,1,0.0,2020
서울,환경 정화 및 복원업,1,0.0,2020
서울,정보서비스업,326,-0.012269938650306749,2020
서울,부동산업,598,-0.013377926421404682,2020
서울,금융업,971,-0.025746652935118436,2020
서울,음식점 및 주점업,281,-0.03914590747330961,2020
서울,창고 및 운송관련 서비스업,53,-0.05660377358490566,2020
서울,전기장비 제조업,40,-0.075,2020
서울,화학 물질 및 화학제품 제조업; 의약품 제외,178,-0.10112359550561797,2020
서울,사회복지 서비스업,18,-0.2222222222222222,2020
서울,기타 기계 및 장비 제조업,48,-0.25,2020
서울,보건업,4,-0.25,2020
서울,자동차 및 부품 판매업,78,-0.2564102564102564,2020
서울,가구 제조업,14,-0.2857142857142857,2020
서울,인쇄 및 기록매체 복제업,13,-0.3076923076923077,2020
서울,방송업,16,-0.3125,2020
서울,육상 운송 및 파이프라인 운송업,40,-0.375,2020
서울,음료 제조업,8,-0.375,2020
서울,"전자 부품, 컴퓨터, 영상, 음향 및 통신장비 제조업",53,-0.5094339622641509,2020
서울,임대업; 부동산 제외,27,-0.5185185185185185,2020
서울,"전기, 가스, 증기 및 공기 조절 공급업",23,-0.5217391304347826,2020
서울,"창작, 예술 및 여가관련 서비스업",67,-0.6268656716417911,2020
서울,사업 지원 서비스업,224,-0.6383928571428571,2020
서울,금속 가공제품 제조업; 기계 및 가구 제외,6,-0.6666666666666666,2020
서울,스포츠 및 오락관련 서비스업,48,-0.9166666666666666,2020
서울,산업용 기계 및 장비 수리업,4,-1.5,2020
서울,광업 지원 서비스업,1,-2.0,2020
서울,목재 및 나무제품 제조업; 가구 제외,1,-4.0,2020
서울,비금속광물 광업; 연료용 제외,1,,2020
세종,기타 기계 및 장비 제조업,4,0.75,2020
세종,교육 서비스업,7,0.7142857142857143,2020
세종,출판업,19,0.5263157894736842,2020
세종,비금속광물 광업; 연료용 제외,2,0.5,2020
세종,연구개발업,2,0.5,2020
세종,정보서비스업,2,0.5,2020
세종,협회 및 단체,2,0.5,2020
세종,소매업; 자동차 제외,13,0.46153846153846156,2020
세종,음식점 및 주점업,5,0.4,2020
세종,기타 제품 제조업,3,0.3333333333333333,2020
세종,"기타 전문, 과학 및 기술 서비스업",5,0.2,2020
세종,부동산업,52,0.19230769230769232,2020
세종,전문 서비스업,13,0.07692307692307693,2020
세종,방송업,1,0.0,2020
세종,섬유제품 제조업; 의복 제외,1,0.0,2020
세종,식료품 제조업,9,0.0,2020
세종,영상ㆍ오디오 기록물 제작 및 배급업,1,0.0,2020
세종,임대업; 부동산 제외,1,0.0,2020
세종,자동차 및 부품 판매업,1,0.0,2020
세종,창고 및 운송관련 서비스업,1,0.0,2020
세종,"폐기물 수집, 운반, 처리 및 원료 재생업",1,0.0,2020
세종,도매 및 상품 중개업,26,-0.11538461538461539,2020
세종,사업 지원 서비스업,6,-0.16666666666666666,2020
세종,농업,4,-0.25,2020
세종,"건축 기술, 엔지니어링 및 기타 과학기술 서비스업",3,-0.3333333333333333,2020
세종,금속 가공제품 제조업; 기계 및 가구 제외,2,-0.5,2020
세종,전문직별 공사업,6,-0.5,2020
세종,"전기, 가스, 증기 및 공기 조절 공급업",3,-0.6666666666666666,2020
세종,기타 개인 서비스업,1,-1.0,2020
세종,비금속 광물제품 제조업,1,-1.0,2020
세종,"펄프, 종이 및 종이제품 제조업",1,-1.0,2020
세종,종합 건설업,4,-1.5,2020
세종,스포츠 및 오락관련 서비스업,1,-2.0,2020
세종,화학 물질 및 화학제품 제조업; 의약품 제외,1,-2.0,2020
세종,고무 및 플라스틱제품 제조업,1,,2020
세종,금융 및 보험관련 서비스업,1,,2020
세종,육상 운송 및 파이프라인 운송업,3,,2020
세종,음료 제조업,1,,2020
세종,"의료, 정밀, 광학 기기 및 시계 제조업",3,,2020
세종,전기장비 제조업,2,,2020
세종,"전자 부품, 컴퓨터, 영상, 음향 및 통신장비 제조업",1,,2020
세종,"창작, 예술 및 여가관련 서비스업",1,,2020
울산,자동차 및 부품 판매업,6,0.8333333333333334,2020
울산,화학 물질 및 화학제품 제조업; 의약품 제외,6,0.8333333333333334,2020
울산,스포츠 및 오락관련 서비스업,5,0.8,2020
울산,기타 개인 서비스업,4,0.75,2020
울산,연구개발업,3,0.6666666666666666,2020
울산,사업 지원 서비스업,8,0.625,2020
울산,영상ㆍ오디오 기록물 제작 및 배급업,2,0.5,2020
울산,출판업,17,0.47058823529411764,2020
울산,금융업,5,0.4,2020
울산,소매업; 자동차 제외,20,0.3,2020
울산,도매 및 상품 중개업,71,0.29577464788732394,2020
울산,기타 운송장비 제조업,17,0.29411764705882354,2020
울산,부동산업,66,0.21212121212121213,2020
울산,농업,6,0.16666666666666666,2020
울산,음식점 및 주점업,7,0.14285714285714285,2020
울산,"건축 기술, 엔지니어링 및 기타 과학기술 서비스업",5,0.0,2020
울산,교육 서비스업,9,0.0,2020
울산,기타 기계 및 장비 제조업,9,0.0,2020
울산,기타 제품 제조업,3,0.0,2020
울산,사업시설 관리 및 조경 서비스업,4,0.0,2020
울산,사회복지 서비스업,1,0.0,2020
울산,"의료, 정밀, 광학 기기 및 시계 제조업",2,0.0,2020
울산,임업,1,0.0,2020
울산,"전기, 가스, 증기 및 공기 조절 공급업",3,0.0,2020
울산,전기장비 제조업,3,0.0,2020
울산,정보서비스업,5,0.0,2020
울산,창고 및 운송관련 서비스업,3,0.0,2020
울산,"창작, 예술 및 여가관련 서비스업",2,0.0,2020
울산,"컴퓨터 프로그래밍, 시스템 통합 및 관리업",1,0.0,2020
울산,전문직별 공사업,24,-0.041666666666666664,2020
울산,전문 서비스업,14,-0.14285714285714285,2020
울산,종합 건설업,9,-0.3333333333333333,2020
울산,협회 및 단체,3,-0.3333333333333333,2020
울산,식료품 제조업,6,-0.5,2020
울산,자동차 및 트레일러 제조업,6,-0.6666666666666666,2020
울산,"의복, 의복 액세서리 및 모피제품 제조업",2,-1.0,2020
울산,"폐기물 수집, 운반, 처리 및 원료 재생업",2,-1.0,2020
울산,고무 및 플라스틱제품 제조업,1,-2.0,2020
울산,육상 운송 및 파이프라인 운송업,1,-2.0,2020
울산,"기타 전문, 과학 및 기술 서비스업",2,-2.5,2020
울산,금속 가공제품 제조업; 기계 및 가구 제외,2,-4.0,2020
울산,1차 금속 제조업,2,,2020
울산,목재 및 나무제품 제조업; 가구 제외,1,,2020
울산,방송업,1,,2020
울산,비금속광물 광업; 연료용 제외,1,,2020
울산,산업용 기계 및 장비 수리업,1,,2020
울산,섬유제품 제조업; 의복 제외,4,,2020
울산,우편 및 통신업,3,,2020
울산,의료용 물질 및 의약품 제조업,2,,2020
울산,임대업; 부동산 제외,2,,2020
울산,"전자 부품, 컴퓨터, 영상, 음향 및 통신장비 제조업",3,,2020
울산,"펄프, 종이 및 종이제품 제조업",1,,2020
인천,의료용 물질 및 의약품 제조업,22,0.8636363636363636,2020
인천,"펄프, 종이 및 종이제품 제조업",6,0.8333333333333334,2020
인천,숙박업,5,0.8,2020
인천,농업,8,0.75,2020
인천,금융업,15,0.7333333333333333,2020
인천,연구개발업,14,0.7142857142857143,2020
인천,섬유제품 제조업; 의복 제외,10,0.6,2020
인천,비금속 광물제품 제조업,4,0.5,2020
인천,사회복지 서비스업,2,0.5,2020
인천,"의료, 정밀, 광학 기기 및 시계 제조업",10,0.5,2020
인천,"창작, 예술 및 여가관련 서비스업",8,0.5,2020
인천,협회 및 단체,8,0.5,2020
인천,전기장비 제조업,23,0.4782608695652174,2020
인천,개인 및 소비용품 수리업,8,0.375,2020
인천,소매업; 자동차 제외,147,0.32653061224489793,2020
인천,부동산업,192,0.3125,2020
인천,정보서비스업,21,0.23809523809523808,2020
인천,교육 서비스업,22,0.22727272727272727,2020
인천,"컴퓨터 프로그래밍, 시스템 통합 및 관리업",9,0.2222222222222222,2020
인천,임대업; 부동산 제외,14,0.21428571428571427,2020
인천,전문직별 공사업,76,0.21052631578947367,2020
인천,자동차 및 부품 판매업,35,0.2,2020
인천,창고 및 운송관련 서비스업,30,0.2,2020
인천,"의복, 의복 액세서리 및 모피제품 제조업",17,0.17647058823529413,2020
인천,종합 건설업,42,0.16666666666666666,2020
인천,가구 제조업,9,0.1111111111111111,2020
인천,스포츠 및 오락관련 서비스업,18,0.1111111111111111,2020
인천,사업 지원 서비스업,74,0.10810810810810811,2020
인천,음식점 및 주점업,30,0.06666666666666667,2020
인천,금속 가공제품 제조업; 기계 및 가구 제외,16,0.0625,2020
인천,도매 및 상품 중개업,460,0.02826086956521739,2020
인천,식료품 제조업,42,0.023809523809523808,2020
인천,"기타 전문, 과학 및 기술 서비스업",17,0.0,2020
인천,기타 제품 제조업,18,0.0,2020
인천,보험 및 연금업,1,0.0,2020
인천,임업,1,0.0,2020
인천,기타 기계 및 장비 제조업,35,-0.02857142857142857,2020
인천,출판업,71,-0.056338028169014086,2020
인천,영상ㆍ오디오 기록물 제작 및 배급업,13,-0.07692307692307693,2020
인천,"전자 부품, 컴퓨터, 영상, 음향 및 통신장비 제조업",31,-0.0967741935483871,2020
인천,자동차 및 트레일러 제조업,10,-0.1,2020
인천,전문 서비스업,73,-0.1232876712328767,2020
인천,금융 및 보험관련 서비스업,8,-0.125,2020
인천,화학 물질 및 화학제품 제조업; 의약품 제외,27,-0.14814814814814814,2020
인천,"폐기물 수집, 운반, 처리 및 원료 재생업",6,-0.16666666666666666,2020
인천,사업시설 관리 및 조경 서비스업,8,-0.375,2020
인천,"건축 기술, 엔지니어링 및 기타 과학기술 서비스업",11,-0.45454545454545453,2020
인천,1차 금속 제조업,2,-0.5,2020
인천,육상 운송 및 파이프라인 운송업,15,-0.7333333333333333,2020
인천,고무 및 플라스틱제품 제조업,4,-0.75,2020
인천,기타 개인 서비스업,4,-0.75,2020
인천,산업용 기계 및 장비 수리업,1,-1.0,2020
인천,인쇄 및 기록매체 복제업,2,-1.0,2020
인천,"가죽, 가방 및 신발 제조업",2,-2.0,2020
인천,광업 지원 서비스업,1,,2020
인천,목재 및 나무제품 제조업; 가구 제외,3,,2020
인천,보건업,1,,2020
인천,수상 운송업,2,,2020
인천,"하수, 폐수 및 분뇨 처리업",1,,2020
전남,방송업,5,0.8,2020
전남,기타 제품 제조업,10,0.7,2020
전남,임대업; 부동산 제외,13,0.6923076923076923,2020
전남,목재 및 나무제품 제조업; 가구 제외,3,0.6666666666666666,2020
전남,협회 및 단체,20,0.55,2020
전남,비금속 광물제품 제조업,8,0.5,2020
전남,"컴퓨터 프로그래밍, 시스템 통합 및 관리업",2,0.5,2020
전남,"폐기물 수집, 운반, 처리 및 원료 재생업",15,0.4,2020
전남,고무 및 플라스틱제품 제조업,3,0.3333333333333333,2020
전남,자동차 및 트레일러 제조업,3,0.3333333333333333,2020
전남,"전기, 가스, 증기 및 공기 조절 공급업",55,0.2545454545454545,2020
전남,사업시설 관리 및 조경 서비스업,8,0.25,2020
전남,음식점 및 주점업,8,0.25,2020
전남,도매 및 상품 중개업,155,0.23870967741935484,2020
전남,부동산업,79,0.189873417721519,2020
전남,전기장비 제조업,11,0.18181818181818182,2020
전남,출판업,19,0.15789473684210525,2020
전남,농업,83,0.14457831325301204,2020
전남,종합 건설업,40,0.1,2020
전남,소매업; 자동차 제외,39,0.02564102564102564,2020
전남,1차 금속 제조업,3,0.0,2020
전남,금융 및 보험관련 서비스업,1,0.0,2020
전남,금융업,1,0.0,2020
전남,"의료, 정밀, 광학 기기 및 시계 제조업",2,0.0,2020
전남,전문직별 공사업,74,-0.06756756756756757,2020
전남,"기타 전문, 과학 및 기술 서비스업",10,-0.1,2020
전남,식료품 제조업,44,-0.13636363636363635,2020
전남,기타 운송장비 제조업,30,-0.23333333333333334,2020
전남,전문 서비스업,19,-0.3157894736842105,2020
전남,가구 제조업,3,-0.3333333333333333,2020
전남,"건축 기술, 엔지니어링 및 기타 과학기술 서비스업",6,-0.3333333333333333,2020
전남,교육 서비스업,6,-0.3333333333333333,2020
전남,기타 개인 서비스업,3,-0.3333333333333333,2020
전남,사회복지 서비스업,3,-0.3333333333333333,2020
전남,자동차 및 부품 판매업,3,-0.3333333333333333,2020
전남,기타 기계 및 장비 제조업,9,-0.4444444444444444,2020
전남,사업 지원 서비스업,10,-0.6,2020
전남,육상 운송 및 파이프라인 운송업,11,-0.6363636363636364,2020
전남,"창작, 예술 및 여가관련 서비스업",3,-0.6666666666666666,2020
전남,숙박업,5,-0.8,2020
전남,창고 및 운송관련 서비스업,8,-0.875,2020
전남,금속 가공제품 제조업; 기계 및 가구 제외,9,-0.8888888888888888,2020
전남,개인 및 소비용품 수리업,1,-1.0,2020
전남,스포츠 및 오락관련 서비스업,3,-1.0,2020
전남,연구개발업,3,-1.0,2020
전남,"의복, 의복 액세서리 및 모피제품 제조업",2,-1.0,2020
전남,임업,5,-1.0,2020
전남,"전자 부품, 컴퓨터, 영상, 음향 및 통신장비 제조업",2,-1.0,2020
전남,화학 물질 및 화학제품 제조업; 의약품 제외,8,-1.0,2020
전남,어업,8,-1.25,2020
전남,비금속광물 광업; 연료용 제외,1,-2.0,2020
전남,섬유제품 제조업; 의복 제외,1,-2.0,2020
전남,영상ㆍ오디오 기록물 제작 및 배급업,1,-2.0,2020
전남,정보서비스업,1,-6.0,2020
전남,"가죽, 가방 및 신발 제조업",1,,2020
전남,보건업,1,,2020
전남,산업용 기계 및 장비 수리업,4,,2020
전남,의료용 물질 및 의약품 제조업,1,,2020
전남,"펄프, 종이 및 종이제품 제조업",2,,2020
전북,의료용 물질 및 의약품 제조업,6,0.8333333333333334,2020
전북,육상 운송 및 파이프라인 운송업,34,0.6764705882352942,2020
전북,금융 및 보험관련 서비스업,6,0.6666666666666666,2020
전북,"의료, 정밀, 광학 기기 및 시계 제조업",3,0.6666666666666666,2020
전북,"폐기물 수집, 운반, 처리 및 원료 재생업",6,0.6666666666666666,2020
전북,영상ㆍ오디오 기록물 제작 및 배급업,8,0.625,2020
전북,"기타 전문, 과학 및 기술 서비스업",13,0.6153846153846154,2020
전북,"의복, 의복 액세서리 및 모피제품 제조업",5,0.6,2020
전북,기타 개인 서비스업,7,0.5714285714285714,2020
전북,"전자 부품, 컴퓨터, 영상, 음향 및 통신장비 제조업",7,0.5714285714285714,2020
전북,교육 서비스업,13,0.5384615384615384,2020
전북,스포츠 및 오락관련 서비스업,2,0.5,2020
전북,기타 기계 및 장비 제조업,17,0.47058823529411764,2020
전북,비금속 광물제품 제조업,7,0.42857142857142855,2020
전북,금융업,6,0.3333333333333333,2020
전북,출판업,22,0.3181818181818182,2020
전북,전문 서비스업,106,0.2830188679245283,2020
전북,종합 건설업,39,0.28205128205128205,2020
전북,농업,76,0.2631578947368421,2020
전북,연구개발업,8,0.25,2020
전북,도매 및 상품 중개업,190,0.22631578947368422,2020
전북,소매업; 자동차 제외,65,0.16923076923076924,2020
전북,전기장비 제조업,10,0.1,2020
전북,전문직별 공사업,60,0.03333333333333333,2020
전북,기타 제품 제조업,7,0.0,2020
전북,우편 및 통신업,1,0.0,2020
전북,음료 제조업,1,0.0,2020
전북,"창작, 예술 및 여가관련 서비스업",7,0.0,2020
전북,"하수, 폐수 및 분뇨 처리업",1,0.0,2020
전북,"전기, 가스, 증기 및 공기 조절 공급업",42,-0.023809523809523808,2020
전북,협회 및 단체,12,-0.08333333333333333,2020
전북,화학 물질 및 화학제품 제조업; 의약품 제외,12,-0.08333333333333333,2020
전북,식료품 제조업,49,-0.14285714285714285,2020
전북,임대업; 부동산 제외,7,-0.14285714285714285,2020
전북,부동산업,78,-0.15384615384615385,2020
전북,고무 및 플라스틱제품 제조업,5,-0.2,2020
전북,음식점 및 주점업,10,-0.2,2020
전북,사업 지원 서비스업,13,-0.23076923076923078,2020
전북,자동차 및 부품 판매업,4,-0.25,2020
전북,숙박업,3,-0.3333333333333333,2020
전북,"건축 기술, 엔지니어링 및 기타 과학기술 서비스업",8,-0.5,2020
전북,기타 운송장비 제조업,2,-0.5,2020
전북,"컴퓨터 프로그래밍, 시스템 통합 및 관리업",2,-0.5,2020
전북,정보서비스업,10,-0.6,2020
전북,사회복지 서비스업,3,-0.6666666666666666,2020
전북,금속 가공제품 제조업; 기계 및 가구 제외,7,-0.7142857142857143,2020
전북,개인 및 소비용품 수리업,2,-1.0,2020
전북,목재 및 나무제품 제조업; 가구 제외,1,-1.0,2020
전북,임업,1,-1.0,2020
전북,자동차 및 트레일러 제조업,5,-1.0,2020
전북,사업시설 관리 및 조경 서비스업,3,-2.0,2020
전북,창고 및 운송관련 서비스업,1,-3.0,2020
전북,1차 금속 제조업,1,-5.0,2020
전북,가구 제조업,1,,2020
전북,"가죽, 가방 및 신발 제조업",1,,2020
전북,방송업,1,,2020
전북,비금속광물 광업; 연료용 제외,1,,2020
전북,섬유제품 제조업; 의복 제외,3,,2020
전북,어업,4,,2020
전북,"펄프, 종이 및 종이제품 제조업",3,,2020
제주,"기타 전문, 과학 및 기술 서비스업",7,0.8571428571428571,2020
제주,정보서비스업,7,0.8571428571428571,2020
제주,금속 가공제품 제조업; 기계 및 가구 제외,4,0.75,2020
제주,숙박업,9,0.6666666666666666,2020
제주,"폐기물 수집, 운반, 처리 및 원료 재생업",5,0.6,2020
제주,어업,2,0.5,2020
제주,"전자 부품, 컴퓨터, 영상, 음향 및 통신장비 제조업",2,0.5,2020
제주,도매 및 상품 중개업,72,0.4305555555555556,2020
제주,금융업,5,0.4,2020
제주,기타 제품 제조업,3,0.3333333333333333,2020
제주,농업,18,0.3333333333333333,2020
제주,협회 및 단체,6,0.3333333333333333,2020
제주,전문 서비스업,14,0.21428571428571427,2020
제주,음식점 및 주점업,24,0.125,2020
제주,출판업,17,0.11764705882352941,2020
제주,전문직별 공사업,26,0.11538461538461539,2020
제주,식료품 제조업,25,0.08,2020
제주,"건축 기술, 엔지니어링 및 기타 과학기술 서비스업",2,0.0,2020
제주,기타 기계 및 장비 제조업,2,0.0,2020
제주,비금속 광물제품 제조업,1,0.0,2020
제주,사회복지 서비스업,2,0.0,2020
제주,산업용 기계 및 장비 수리업,1,0.0,2020
제주,섬유제품 제조업; 의복 제외,2,0.0,2020
제주,소매업; 자동차 제외,24,0.0,2020
제주,스포츠 및 오락관련 서비스업,4,0.0,2020
제주,종합 건설업,17,-0.17647058823529413,2020
제주,부동산업,39,-0.28205128205128205,2020
제주,교육 서비스업,6,-0.3333333333333333,2020
제주,창고 및 운송관련 서비스업,3,-0.3333333333333333,2020
제주,영상ㆍ오디오 기록물 제작 및 배급업,2,-0.5,2020
제주,화학 물질 및 화학제품 제조업; 의약품 제외,2,-0.5,2020
제주,사업시설 관리 및 조경 서비스업,2,-1.0,2020
제주,"의료, 정밀, 광학 기기 및 시계 제조업",1,-1.0,2020
제주,"의복, 의복 액세서리 및 모피제품 제조업",1,-1.0,2020
제주,임대업; 부동산 제외,1,-1.0,2020
제주,전기장비 제조업,1,-1.0,2020
제주,"컴퓨터 프로그래밍, 시스템 통합 및 관리업",1,-1.0,2020
제주,육상 운송 및 파이프라인 운송업,5,-1.4,2020
제주,사업 지원 서비스업,11,-2.4545454545454546,2020
제주,"전기, 가스, 증기 및 공기 조절 공급업",2,-4.5,2020
제주,"창작, 예술 및 여가관련 서비스업",1,-5.0,2020
제주,개인 및 소비용품 수리업,1,,2020
제주,음료 제조업,1,,2020
제주,임업,1,,2020
제주,자동차 및 부품 판매업,3,,2020
제주,"펄프, 종이 및 종이제품 제조업",1,,2020
충남,섬유제품 제조업; 의복 제외,6,0.6666666666666666,2020
충남,"의복, 의복 액세서리 및 모피제품 제조업",6,0.6666666666666666,2020
충남,전문 서비스업,111,0.6666666666666666,2020
충남,"펄프, 종이 및 종이제품 제조업",3,0.6666666666666666,2020
충남,육상 운송 및 파이프라인 운송업,32,0.59375,2020
충남,"기타 전문, 과학 및 기술 서비스업",15,0.5333333333333333,2020
충남,금융 및 보험관련 서비스업,6,0.5,2020
충남,금속 가공제품 제조업; 기계 및 가구 제외,17,0.4117647058823529,2020
충남,기타 개인 서비스업,10,0.4,2020
충남,출판업,41,0.3902439024390244,2020
충남,소매업; 자동차 제외,74,0.36486486486486486,2020
충남,도매 및 상품 중개업,181,0.35911602209944754,2020
충남,자동차 및 부품 판매업,6,0.3333333333333333,2020
충남,화학 물질 및 화학제품 제조업; 의약품 제외,12,0.3333333333333333,2020
충남,종합 건설업,31,0.25806451612903225,2020
충남,개인 및 소비용품 수리업,4,0.25,2020
충남,농업,61,0.22950819672131148,2020
충남,부동산업,138,0.21014492753623187,2020
충남,임대업; 부동산 제외,17,0.17647058823529413,2020
충남,사업시설 관리 및 조경 서비스업,12,0.16666666666666666,2020
충남,식료품 제조업,50,0.16,2020
충남,자동차 및 트레일러 제조업,21,0.14285714285714285,2020
충남,정보서비스업,8,0.125,2020
충남,"전자 부품, 컴퓨터, 영상, 음향 및 통신장비 제조업",26,0.11538461538461539,2020
충남,음식점 및 주점업,16,0.0625,2020
충남,협회 및 단체,16,0.0625,2020
충남,금융업,2,0.0,2020
충남,기타 운송장비 제조업,1,0.0,2020
충남,방송업,1,0.0,2020
충남,비금속 광물제품 제조업,7,0.0,2020
충남,사회복지 서비스업,5,0.0,2020
충남,스포츠 및 오락관련 서비스업,6,0.0,2020
충남,음료 제조업,2,0.0,2020
충남,임업,4,0.0,2020
충남,전문직별 공사업,53,-0.05660377358490566,2020
충남,사업 지원 서비스업,32,-0.0625,2020
충남,기타 기계 및 장비 제조업,36,-0.08333333333333333,2020
충남,고무 및 플라스틱제품 제조업,8,-0.25,2020
충남,"건축 기술, 엔지니어링 및 기타 과학기술 서비스업",7,-0.2857142857142857,2020
충남,"의료, 정밀, 광학 기기 및 시계 제조업",7,-0.2857142857142857,2020
충남,영상ㆍ오디오 기록물 제작 및 배급업,13,-0.3076923076923077,2020
충남,비금속광물 광업; 연료용 제외,3,-0.3333333333333333,2020
충남,"전기, 가스, 증기 및 공기 조절 공급업",17,-0.35294117647058826,2020
충남,기타 제품 제조업,11,-0.36363636363636365,2020
충남,"폐기물 수집, 운반, 처리 및 원료 재생업",11,-0.36363636363636365,2020
충남,연구개발업,6,-0.5,2020
충남,교육 서비스업,9,-0.5555555555555556,2020
충남,"창작, 예술 및 여가관련 서비스업",3,-0.6666666666666666,2020
충남,"컴퓨터 프로그래밍, 시스템 통합 및 관리업",3,-0.6666666666666666,2020
충남,창고 및 운송관련 서비스업,7,-0.8571428571428571,2020
충남,숙박업,2,-1.0,2020
충남,1차 금속 제조업,2,-2.0,2020
충남,어업,1,-2.0,2020
충남,전기장비 제조업,3,-2.6666666666666665,2020
충남,인쇄 및 기록매체 복제업,1,-3.0,2020
충남,목재 및 나무제품 제조업; 가구 제외,1,-4.0,2020
충남,"가죽, 가방 및 신발 제조업",1,,2020
충남,보건업,1,,2020
충남,우편 및 통신업,1,,2020
충남,의료용 물질 및 의약품 제조업,14,,2020
충남,"하수, 폐수 및 분뇨 처리업",1,,2020
충남,항공 운송업,1,,2020
충북,임업,4,0.75,2020
충북,개인 및 소비용품 수리업,3,0.6666666666666666,2020
충북,숙박업,3,0.6666666666666666,2020
충북,정보서비스업,6,0.6666666666666666,2020
충북,고무 및 플라스틱제품 제조업,11,0.6363636363636364,2020
충북,1차 금속 제조업,7,0.5714285714285714,2020
충북,자동차 및 부품 판매업,7,0.5714285714285714,2020
충북,섬유제품 제조업; 의복 제외,2,0.5,2020
충북,"전기, 가스, 증기 및 공기 조절 공급업",18,0.5,2020
충북,사업시설 관리 및 조경 서비스업,5,0.4,2020
충북,소매업; 자동차 제외,41,0.36585365853658536,2020
충북,부동산업,89,0.3595505617977528,2020
충북,기타 제품 제조업,14,0.35714285714285715,2020
충북,금융 및 보험관련 서비스업,3,0.3333333333333333,2020
충북,임대업; 부동산 제외,6,0.3333333333333333,2020
충북,"펄프, 종이 및 종이제품 제조업",3,0.3333333333333333,2020
충북,농업,40,0.325,2020
충북,종합 건설업,31,0.3225806451612903,2020
충북,자동차 및 트레일러 제조업,7,0.2857142857142857,2020
충북,"전자 부품, 컴퓨터, 영상, 음향 및 통신장비 제조업",11,0.2727272727272727,2020
충북,화학 물질 및 화학제품 제조업; 의약품 제외,16,0.25,2020
충북,출판업,22,0.22727272727272727,2020
충북,도매 및 상품 중개업,114,0.21052631578947367,2020
충북,"기타 전문, 과학 및 기술 서비스업",5,0.2,2020
충북,영상ㆍ오디오 기록물 제작 및 배급업,5,0.2,2020
충북,협회 및 단체,11,0.18181818181818182,2020
충북,육상 운송 및 파이프라인 운송업,12,0.16666666666666666,2020
충북,전문 서비스업,35,0.11428571428571428,2020
충북,전문직별 공사업,47,0.06382978723404255,2020
충북,식료품 제조업,33,0.030303030303030304,2020
충북,교육 서비스업,8,0.0,2020
충북,금속 가공제품 제조업; 기계 및 가구 제외,17,0.0,2020
충북,기타 기계 및 장비 제조업,15,0.0,2020
충북,기타 운송장비 제조업,1,0.0,2020
충북,사회복지 서비스업,1,0.0,2020
충북,스포츠 및 오락관련 서비스업,5,0.0,2020
충북,전기장비 제조업,7,0.0,2020
충북,"폐기물 수집, 운반, 처리 및 원료 재생업",5,0.0,2020
충북,비금속 광물제품 제조업,8,-0.25,2020
충북,"의복, 의복 액세서리 및 모피제품 제조업",4,-0.25,2020
충북,창고 및 운송관련 서비스업,8,-0.25,2020
충북,사업 지원 서비스업,20,-0.3,2020
충북,음식점 및 주점업,10,-0.3,2020
충북,연구개발업,3,-0.3333333333333333,2020
충북,"의료, 정밀, 광학 기기 및 시계 제조업",3,-0.3333333333333333,2020
충북,"건축 기술, 엔지니어링 및 기타 과학기술 서비스업",6,-0.6666666666666666,2020
충북,목재 및 나무제품 제조업; 가구 제외,3,-1.0,2020
충북,비금속광물 광업; 연료용 제외,1,-2.0,2020
충북,"창작, 예술 및 여가관련 서비스업",1,-2.0,2020
충북,가구 제조업,1,-3.0,2020
충북,기타 개인 서비스업,1,-3.0,2020
충북,금속 광업,1,,2020
충북,금융업,2,,2020
충북,보건업,1,,2020
충북,우편 및 통신업,2,,2020
충북,의료용 물질 및 의약품 제조업,12,,2020
충북,인쇄 및 기록매체 복제업,1,,2020
